Time,Instance,AvgCPUload,AvgRAM
1605182758,1,11.68,40.58
1605182761,1,11.51,40.57
1605182762,1,17.61,40.6
1605182764,1,13.31,40.61
1605182765,1,13.63,40.64
1605182766,1,15.76,40.6
1605182768,1,16.66,40.6
1605182769,1,15.47,40.59
1605182771,1,17.64,40.6
1605182772,1,17.5,40.59
1605182773,1,17.37,40.6
1605182775,1,12.28,40.6
1605182776,1,10.56,40.6
1605182778,1,14.65,40.6
1605182779,1,13.27,40.6
1605182780,1,13.39,40.6
1605182782,1,11.54,40.6
1605182783,1,15.83,40.6
1605182785,1,13.13,40.6
1605182786,1,13.31,40.6
1605182788,1,16.1,40.61
1605182789,1,12.01,40.63
1605182790,1,13.67,40.63
1605182792,1,15.13,40.61
1605182793,1,15.38,40.61
1605182795,1,15.01,40.61
1605182796,1,15.24,40.6
1605182798,1,12.21,40.6
1605182799,1,13.84,40.6
1605182800,1,11.91,40.61
1605182802,1,17.19,40.61
1605182803,1,20.9,40.61
1605182804,1,22.22,40.6
1605182805,1,18.9,40.61
1605182806,1,21.82,40.6
1605182807,1,18.43,40.6
1605182808,1,22,40.61
1605182809,1,22.89,40.61
1605182810,1,18.88,40.61
1605182811,1,23.42,40.61
1605182812,1,15.65,40.6
1605182813,1,17.92,40.61
1605182815,1,21.41,40.61
1605182815,1,21.41,40.61
1605182816,1,22.12,40.6
1605182817,1,18.43,40.59
1605182818,1,21.5,40.6
1605182819,1,21.11,40.59
1605182820,1,19.05,40.59
1605182821,1,20.19,40.6
1605182822,1,18.47,40.59
1605182824,1,11.65,40.6
1605182825,1,15.08,40.6
1605182827,1,15.27,40.61
1605182828,1,14.96,40.6
1605182829,1,14.33,40.6
1605182831,1,16.23,40.6
1605182832,1,16.43,40.6
1605182834,1,15.72,40.6
1605182835,1,19.01,40.63
1605182837,1,53.8,42.58
1605182838,1,91.09,43.27
1605182839,1,96.5,44.2
1605182841,1,98,45.61
1605182842,1,63.2,45.96
1605182844,1,23.14,45.98
1605182845,1,15.03,45.97
1605182847,1,14.09,45.98
1605182848,1,15.29,45.97
1605182849,1,15.62,45.98
1605182851,1,13.83,45.98
1605182852,1,19.37,45.98
1605182854,1,18.69,46
1605182855,1,14.48,46.02
1605182857,1,15.51,46.01
1605182858,1,19.54,46.01
1605182859,1,18.4,46.01
1605182861,1,17.46,46.01
1605182862,1,16.98,46.01
1605182863,1,18.56,46.01
1605182864,1,13.78,46.01
1605182865,1,15,46.01
1605182866,1,17.95,46.01
1605182867,1,15.97,46
1605182868,1,20.41,46.01
1605182869,1,18.3,46.01
1605182870,1,17.91,46.03
1605182871,1,15.39,46.02
1605182872,1,11.69,46.02
1605182873,1,16.67,46.02
1605182874,1,16.15,46.02
1605182875,1,13.83,46.02
1605182876,1,13.93,46.04
1605182877,1,12.16,46.05
1605182878,1,16.38,46.07
1605182879,1,12.84,46.07
1605182880,1,17.02,46.05
1605182881,1,18.29,46.01
1605182883,1,25.82,46.01
1605182884,1,19.67,46.01
1605182886,1,17.01,46.02
1605182887,2,15.73,46.01
1605182889,1,17.1,46.01
1605182890,2,16.74,46.01
1605182892,2,18.04,46.03
1605182893,2,20.47,46.02
1605182894,2,20.14,46.03
1605182896,2,17.01,46.03
1605182897,2,20.8,46.04
1605182899,2,19.04,46.05
1605182900,2,19.45,46.07
1605182902,2,22.55,46.06
1605182903,2,20.42,46.04
1605182904,2,21.19,46.04
1605182906,2,17.59,46.04
1605182907,2,20.47,46.04
1605182909,2,18.61,46.04
1605182910,2,19.25,46.04
1605182912,2,18.05,46.04
1605182913,2,21.4,46.04
1605182915,2,21.46,46.04
1605182916,2,20.1,46.04
1605182918,2,16.38,46.04
1605182919,2,16.69,46.04
1605182920,2,17.28,46.04
1605182922,2,16.16,46.04
1605182923,2,21.09,46.04
1605182924,2,19,46.04
1605182925,1,18.62,46.04
1605182926,2,18.49,46.04
1605182927,2,16.54,46.06
1605182928,1,16.14,46.06
1605182929,2,17.9,46.07
1605182930,2,25.08,46.08
1605182931,2,19.29,46.09
1605182932,2,16.57,46.09
1605182933,2,15.98,46.09
1605182934,2,16.14,46.08
1605182935,2,19.61,46.09
1605182936,2,17.21,46.09
1605182937,2,17.61,46.08
1605182938,2,15.23,46.09
1605182939,2,15.44,46.08
1605182940,2,15.82,46.08
1605182941,2,15.59,46.09
1605182942,2,18.52,46.09
1605182944,2,18.03,46.08
1605182945,2,21.72,46.08
1605182946,1,20.31,46.09
1605182947,2,22.55,46.1
1605182948,2,22.29,46.08
1605182949,2,22.73,46.09
1605182950,1,23.39,46.09
1605182951,2,25.33,46.09
1605182952,2,21.04,46.1
1605182954,2,20.53,46.05
1605182955,2,23.36,46.04
1605182957,2,22.09,46.04
1605182958,2,19.22,46.04
1605182959,2,19.73,46.04
1605182961,2,20.14,46.04
1605182962,2,20.35,46.04
1605182964,2,17.35,46.05
1605182965,2,17.29,46.33
1605182967,2,62.55,48.19
1605182968,2,87.82,47.95
1605182970,2,97,48.66
1605182971,2,98.22,50.89
1605182973,2,85.02,51.36
1605182974,2,39.8,51.48
1605182975,2,25.11,51.47
1605182977,2,22.6,51.47
1605182978,2,33.97,51.49
1605182980,2,29.81,51.49
1605182981,2,23.19,51.49
1605182983,2,23.57,51.49
1605182984,2,23.24,51.49
1605182985,2,24.25,51.48
1605182986,1,24.92,51.48
1605182987,2,23.79,51.48
1605182988,2,25.02,51.48
1605182989,1,16.48,51.48
1605182990,2,25.01,51.55
1605182991,2,29,51.6
1605182992,2,25.06,51.6
1605182993,2,24.65,51.58
1605182994,2,25.11,51.57
1605182995,1,21.65,51.58
1605182996,2,23.12,51.58
1605182996,2,24.23,51.57
1605182997,2,23.91,51.6
1605182998,2,28.83,51.59
1605182999,2,25.93,51.58
1605183000,2,27.31,51.57
1605183001,2,25.79,51.61
1605183002,2,25.98,51.6
1605183003,1,23.2,51.61
1605183004,2,22.46,51.58
1605183005,2,19.5,51.59
1605183006,1,21.62,51.6
1605183007,2,19.93,51.6
1605183008,2,24.53,51.6
1605183009,1,29.13,51.59
1605183010,2,28.95,51.57
1605183012,2,25.46,51.58
1605183013,2,30.3,51.55
1605183015,2,29.91,51.51
1605183016,2,25.38,51.51
1605183018,3,22.18,51.53
1605183019,2,24.58,51.5
1605183020,3,19.69,51.54
1605183022,3,27.6,51.55
1605183023,3,26.31,51.55
1605183025,3,25.41,51.54
1605183026,3,25.85,51.54
1605183028,3,27.49,51.53
1605183029,3,27.25,51.53
1605183031,3,28.89,51.55
1605183032,3,24.61,51.56
1605183033,3,21.25,51.53
1605183035,3,26.88,51.53
1605183036,3,22.85,51.53
1605183038,3,23.47,51.54
1605183039,3,24.57,51.56
1605183041,3,23.59,51.56
1605183042,3,24.97,51.58
1605183043,3,24.22,51.56
1605183045,3,23.29,51.55
1605183046,2,24.77,51.55
1605183047,2,21.54,51.54
1605183048,3,19.58,51.53
1605183049,2,23.2,51.54
1605183050,3,25.09,51.54
1605183051,2,20.31,51.54
1605183052,2,23.85,51.56
1605183053,3,21.46,51.56
1605183054,3,21.24,51.57
1605183055,3,23.44,51.57
1605183056,2,18.75,51.57
1605183057,3,16.32,51.56
1605183058,3,18.71,51.57
1605183059,2,18.46,51.58
1605183060,3,20.72,51.55
1605183061,3,20.43,51.54
1605183062,3,19.28,51.55
1605183063,3,19.45,51.56
1605183064,3,18.95,51.57
1605183065,3,21.22,51.57
1605183066,3,22.31,51.58
1605183067,2,22.32,51.58
1605183068,3,21.3,51.57
1605183069,3,23.98,51.58
1605183070,2,22.55,51.58
1605183071,3,20.24,51.59
1605183073,3,20.95,51.6
1605183074,3,28.82,51.56
1605183075,2,29.9,51.55
1605183076,2,28.61,51.56
1605183077,3,29.76,51.55
1605183078,2,29.22,51.55
1605183079,2,27.44,51.55
1605183080,3,27.87,51.57
1605183081,3,33.68,51.56
1605183082,3,27.13,51.56
1605183084,3,22.49,51.56
1605183085,3,24.95,51.56
1605183086,3,26.91,51.56
1605183088,3,23.74,51.56
1605183089,3,26.24,51.57
1605183091,3,28.61,51.57
1605183092,3,22.97,51.56
1605183094,3,25.59,51.59
1605183095,3,41.91,52.09
1605183097,3,66.26,52.81
1605183098,3,90,53.92
1605183100,3,96.67,54.51
1605183101,3,98.67,55.95
1605183102,3,89.64,56.81
1605183104,3,51.23,56.99
1605183105,3,37.99,57.01
1605183107,3,27.18,57.04
1605183108,2,25.58,57.03
1605183109,3,26.12,57.01
1605183110,3,29.89,57.04
1605183111,1,30.9,57.04
1605183112,3,26.44,57.02
1605183113,3,29.59,57.01
1605183114,2,28.45,57.03
1605183115,3,29.79,57.02
1605183116,3,28.68,57.02
1605183117,2,26.95,57.03
1605183118,3,28.4,57.02
1605183119,3,30.39,57.03
1605183120,2,27.78,57.02
1605183121,2,27.34,57.01
1605183122,3,30.74,57.02
1605183123,3,33.4,57.04
1605183124,3,34.65,57.04
1605183125,2,31.8,57.03
1605183126,2,29.41,57.03
1605183127,3,31.24,57.03
1605183128,3,30.8,57.04
1605183129,2,25.77,57.08
1605183130,3,34.32,57.1
1605183131,3,35.31,57.08
1605183132,3,35.69,57.08
1605183133,2,33.01,57.05
1605183134,3,34.69,57.05
1605183135,3,28.3,57.03
1605183136,1,21.98,57.03
1605183137,3,25.72,57.02
1605183138,3,26.65,57.05
1605183139,1,26.04,57.03
1605183140,3,29.48,57.04
1605183141,3,33.82,57.05
1605183142,3,33.1,57.06
1605183143,3,39.09,57.04
1605183145,3,36.61,57.03
1605183146,3,27.11,57.04
1605183148,3,26.07,57.04
1605183149,4,28.88,57.05
1605183151,3,29.8,57.07
1605183152,4,33.69,57.07
1605183153,4,38.77,57.07
1605183155,4,37,57.06
1605183156,4,36.58,57.06
1605183158,4,33.68,57.06
1605183159,4,37.1,57.06
1605183161,4,33.5,57.08
1605183162,4,31.3,57.08
1605183164,4,32.67,57.09
1605183165,3,33.32,57.09
1605183167,3,30.4,57.09
1605183168,4,31.79,57.1
1605183169,3,30.57,57.08
1605183170,2,32.05,57.08
1605183171,4,29.98,57.09
1605183172,3,28.72,57.09
1605183173,3,29.33,57.08
1605183174,3,25.25,57.09
1605183175,3,28.58,57.09
1605183176,3,28.34,57.08
1605183177,4,21.4,57.07
1605183178,3,24.37,57.06
1605183179,3,25.63,57.07
1605183180,4,28.16,57.1
1605183181,3,29,57.09
1605183182,4,25.74,57.1
1605183183,3,27.45,57.11
1605183184,3,27.98,57.12
1605183185,4,30.56,57.11
1605183186,4,31.89,57.07
1605183187,4,27.67,57.06
1605183188,4,28.99,57.07
1605183189,3,32.53,57.08
1605183190,3,33.41,57.06
1605183191,4,29.36,57.06
1605183192,3,24.54,57.07
1605183193,3,23.47,57.07
1605183194,4,25.74,57.07
1605183195,4,29.1,57.08
1605183196,3,24.16,57.07
1605183197,3,26.01,57.06
1605183198,4,28.32,57.08
1605183199,4,27.66,57.09
1605183200,2,30.3,57.07
1605183201,4,33.72,57.1
1605183202,4,25.77,57.09
1605183203,4,28.69,57.08
1605183205,2,33.89,57.08
1605183206,4,36.72,57.08
1605183207,3,35.88,57.08
1605183208,2,34.8,57.09
1605183209,4,36.62,57.08
1605183210,2,40.44,57.08
1605183211,3,43.8,57.08
1605183212,4,40.41,57.08
1605183213,4,41.22,57.07
1605183214,4,38.27,57.08
1605183216,4,36.5,57.08
1605183217,4,30.03,57.08
1605183219,4,35.13,57.08
1605183220,4,35.12,57.08
1605183221,4,35.9,57.08
1605183223,4,33.64,57.09
1605183224,4,33.14,57.08
1605183226,4,37.95,57.16
1605183227,4,56.75,58.6
1605183229,4,83.71,59.1
1605183230,3,98.21,59.52
1605183232,4,98.68,59.77
1605183233,3,94.72,60.68
1605183234,2,100,61.96
1605183235,4,93.3,62.22
1605183236,3,72.15,62.46
1605183237,2,53.31,62.51
1605183238,4,46.21,62.52
1605183239,4,35.65,62.52
1605183240,2,31.51,62.54
1605183241,4,34.12,62.54
1605183242,4,32.06,62.52
1605183243,3,27.62,62.53
1605183244,3,30.5,62.53
1605183245,4,36.1,62.57
1605183246,4,36.13,62.56
1605183247,3,33.37,62.56
1605183248,4,33.82,62.57
1605183249,4,33.96,62.54
1605183250,4,35.13,62.55
1605183251,3,36.48,62.56
1605183252,3,38.6,62.57
1605183253,4,36.39,62.55
1605183254,3,41.46,62.59
1605183255,3,42.26,62.57
1605183256,4,40.52,62.56
1605183258,4,39.87,62.58
1605183259,4,42.57,62.56
1605183260,3,46.17,62.57
1605183261,3,48.47,62.56
1605183262,4,38.68,62.56
1605183263,3,37.57,62.56
1605183264,3,36.57,62.54
1605183265,4,41.09,62.57
1605183266,3,40.16,62.56
1605183267,3,43.8,62.57
1605183268,4,47.95,62.57
1605183269,2,39.17,62.58
1605183270,3,40.41,62.57
1605183271,4,39.18,62.58
1605183272,2,35.88,62.59
1605183273,3,40.34,62.6
1605183274,4,40.74,62.6
1605183275,4,41.62,62.59
1605183276,4,42.18,62.6
1605183278,4,37.81,62.6
1605183279,4,41.1,62.6
1605183281,5,40.18,62.6
1605183282,4,39.61,62.59
1605183284,5,36.38,62.6
1605183285,5,40.06,62.59
1605183287,5,38.52,62.59
1605183288,5,38.64,62.6
1605183289,5,41.41,62.61
1605183291,5,40.49,62.61
1605183293,5,42.74,62.63
1605183294,3,39.19,62.61
1605183295,4,39.27,62.6
1605183296,5,38.72,62.61
1605183297,2,35.9,62.62
1605183298,4,36.49,62.61
1605183299,5,39.52,62.6
1605183300,2,37.03,62.6
1605183301,5,38.26,62.6
1605183302,5,33.49,62.6
1605183303,2,38.15,62.6
1605183304,5,38.33,62.6
1605183305,5,36.36,62.6
1605183306,2,37.59,62.61
1605183307,5,38.16,62.6
1605183308,5,38.61,62.61
1605183309,4,38.31,62.61
1605183310,4,37.37,62.61
1605183312,5,36.62,62.62
1605183313,5,34.56,62.61
1605183314,4,34.97,62.6
1605183315,3,36.53,62.6
1605183316,5,38.7,62.6
1605183317,4,41.37,62.62
1605183318,3,37.01,62.62
1605183319,5,35.25,62.62
1605183320,5,36.64,62.64
1605183321,4,40.61,62.61
1605183322,3,40.33,62.61
1605183323,5,34.68,62.61
1605183324,3,36.13,62.62
1605183325,2,35.44,62.61
1605183325,3,35.57,62.61
1605183326,5,36.64,62.61
1605183327,5,40.2,62.61
1605183328,3,36.18,62.61
1605183329,4,36.69,62.61
1605183330,5,41.4,62.61
1605183331,3,38.84,62.61
1605183332,4,37.92,62.61
1605183333,5,38.31,62.61
1605183334,3,38.06,62.61
1605183335,4,36.71,62.6
1605183336,5,37.69,62.6
1605183337,5,41.87,62.63
1605183338,4,44.86,62.62
1605183340,3,45.6,62.62
1605183341,5,46.11,62.63
1605183342,3,46.4,62.62
1605183343,3,47.76,62.61
1605183344,5,44.52,62.64
1605183345,2,46.87,62.62
1605183346,4,47.68,62.63
1605183347,5,47.66,62.65
1605183349,5,47.32,62.64
1605183350,5,41.78,62.64
1605183352,5,43.45,62.66
1605183353,5,39.88,62.69
1605183355,5,38.1,62.69
1605183356,5,41.58,62.68
1605183357,4,39.56,62.69
1605183358,2,37.67,62.67
1605183359,5,39.28,62.66
1605183360,4,53.96,63.62
1605183361,2,78.5,64.45
1605183362,5,80.02,64.79
1605183363,4,96.82,64.75
1605183364,3,100,65.54
1605183365,5,97.55,65.51
1605183366,3,94.71,66.93
1605183367,2,98.92,67.56
1605183367,4,97.44,67.68
1605183368,3,89.92,67.9
1605183369,4,74.23,68.03
1605183370,3,54.87,68.15
1605183371,4,54.68,68.16
1605183372,4,51.02,68.15
1605183373,5,46.62,68.15
1605183374,5,39.8,68.16
1605183375,4,39.96,68.16
1605183376,5,39.09,68.15
1605183378,3,40.66,68.17
1605183379,4,40.83,68.17
1605183379,3,39.32,68.17
1605183380,5,42.44,68.16
1605183381,5,43.5,68.15
1605183383,5,45.24,68.17
1605183384,3,53.2,68.16
1605183385,4,54.81,68.18
1605183386,5,44.89,68.18
1605183387,3,42.66,68.17
1605183388,4,50.1,68.16
1605183389,4,52.5,68.19
1605183390,4,50.52,68.16
1605183391,4,50.39,68.15
1605183392,5,50.3,68.15
1605183393,4,48.79,68.15
1605183394,3,46.92,68.16
1605183395,5,46.66,68.16
1605183396,4,45.34,68.16
1605183397,3,45.86,68.18
1605183398,5,51.28,68.19
1605183399,4,49.93,68.2
1605183400,3,50.49,68.19
1605183401,5,49.82,68.19
1605183402,3,51.37,68.16
1605183403,3,50.67,68.17
1605183404,5,44.99,68.17
1605183405,3,53.51,68.17
1605183406,3,52.87,68.19
1605183407,4,46.41,68.19
1605183408,5,54.7,68.2
1605183409,2,55.17,68.19
1605183410,5,55.19,68.18
1605183412,5,51.62,68.2
1605183413,5,47.75,68.19
1605183415,6,46.79,68.19
1605183416,5,45.15,68.19
1605183418,6,46.27,68.2
1605183419,5,44.36,68.2
1605183420,5,46.38,68.2
1605183421,3,45.96,68.21
1605183422,6,47.8,68.22
1605183423,4,47.79,68.24
1605183424,3,47.09,68.24
1605183425,5,48.05,68.25
1605183426,5,48.43,68.23
1605183427,4,48.21,68.24
1605183428,6,45.33,68.22
1605183429,4,45.05,68.23
1605183430,4,44.66,68.23
1605183431,4,43.55,68.25
1605183432,5,43.45,68.25
1605183433,5,46.18,68.26
1605183434,4,44.7,68.23
1605183435,5,44.11,68.21
1605183436,6,45.39,68.21
1605183437,6,42.37,68.23
1605183438,4,44.77,68.24
1605183439,3,45.35,68.25
1605183440,4,44.35,68.25
1605183441,4,45.15,68.23
1605183442,4,46.79,68.22
1605183443,6,47.06,68.22
1605183444,4,45.5,68.22
1605183445,5,46.72,68.24
1605183446,2,44.75,68.26
1605183446,4,43.7,68.26
1605183447,6,43.71,68.25
1605183448,4,46.72,68.24
1605183449,4,48.24,68.26
1605183450,6,43.23,68.25
1605183451,4,44.6,68.26
1605183452,4,45.8,68.25
1605183454,6,45.39,68.25
1605183455,5,45.83,68.26
1605183456,4,46.81,68.26
1605183457,5,40.23,68.24
1605183458,5,49.79,68.23
1605183459,4,47.92,68.27
1605183460,5,43.43,68.25
1605183461,5,44.57,68.23
1605183462,5,45.49,68.22
1605183463,4,45.63,68.22
1605183464,2,45.01,68.22
1605183464,4,45.38,68.22
1605183465,5,45.88,68.24
1605183466,5,43.84,68.24
1605183467,4,45.33,68.24
1605183468,5,47.5,68.26
1605183469,5,46.76,68.25
1605183470,4,49.39,68.25
1605183471,5,51.93,68.25
1605183472,6,55.09,68.24
1605183473,5,53.42,68.27
1605183475,4,53.78,68.26
1605183476,5,50.79,68.26
1605183477,2,51.98,68.26
1605183478,6,58.42,68.24
1605183479,4,60.23,68.25
1605183480,3,61.71,68.24
1605183481,6,58.85,68.25
1605183482,4,53.86,68.24
1605183483,4,53.69,68.26
1605183484,5,52.28,68.26
1605183485,5,47.17,68.24
1605183486,3,44.83,68.24
1605183487,5,45.76,68.26
1605183488,5,46.93,68.26
1605183489,3,43.99,68.24
1605183490,5,47.01,68.24
1605183491,5,46.45,68.24
1605183492,4,46.21,68.24
1605183493,5,47.01,68.39
1605183494,4,66.51,69.18
1605183495,5,76.12,70.31
1605183496,4,85.26,70.23
1605183497,4,98.44,69.99
1605183498,6,99.03,71.25
1605183499,4,95.94,70.98
1605183500,6,98.33,71.93
1605183501,4,100,73.28
1605183502,5,98.79,73.41
1605183503,4,82.81,73.64
1605183504,5,63.41,73.72
1605183505,5,61.18,73.76
1605183506,4,60.78,73.77
1605183507,4,62.7,73.79
1605183508,6,54.11,73.79
1605183509,5,53.81,73.81
1605183511,6,53.73,73.8
1605183512,4,51.79,73.8
1605183513,4,52.14,73.8
1605183514,6,52.74,73.81
1605183515,4,52.56,73.83
1605183516,4,50.55,73.82
1605183517,6,54.89,73.82
1605183518,5,53.95,73.8
1605183519,3,56,73.8
1605183520,4,55.77,73.84
1605183520,6,58.08,73.84
1605183522,4,59.74,73.83
1605183522,4,62.68,73.83
1605183523,4,57.2,73.81
1605183524,6,53.44,73.8
1605183525,3,61.72,73.83
1605183526,5,58.74,73.83
1605183527,6,58.48,73.84
1605183528,3,54.13,73.82
1605183529,5,53.02,73.8
1605183530,6,59.7,73.83
1605183531,2,60.62,73.85
1605183532,6,55.85,73.85
1605183533,5,55.49,73.85
1605183534,4,59.92,73.84
1605183535,5,58.18,73.83
1605183536,5,56.44,73.83
1605183537,4,56.1,73.82
1605183538,4,55.16,73.83
1605183539,5,57.79,73.82
1605183540,3,57.26,73.81
1605183541,5,53.68,73.81
1605183542,2,54.73,73.81
1605183543,6,54.98,73.82
1605183545,5,62.93,73.82
1605183546,6,57.59,73.82
1605183547,4,53.69,73.83
1605183548,5,50.24,73.84
1605183549,5,54.74,73.82
1605183550,4,55.66,73.82
1605183551,5,54.02,73.85
1605183552,4,52.78,73.85
1605183553,6,52.59,73.84
1605183554,6,49.83,73.85
1605183555,2,47.1,73.86
1605183556,6,55.21,73.88
1605183557,5,54.39,73.88
1605183558,5,54.51,73.88
1605183559,6,54.98,73.88
1605183560,4,51.16,73.87
1605183561,6,54.87,73.88
1605183562,6,60.35,73.87
1605183563,7,55.98,73.88
1605183565,2,55.55,73.9
1605183565,3,55.14,73.9
1605183566,3,53.46,73.91
1605183566,4,53.78,73.9
1605183567,6,57.2,73.87
1605183568,4,59.3,73.87
1605183569,3,57.18,73.87
1605183569,7,57.15,73.88
1605183571,4,56.57,73.89
1605183571,7,56.88,73.87
1605183573,3,58.04,73.87
1605183574,7,57.64,73.87
1605183575,6,57.25,73.87
1605183576,4,57.64,73.88
1605183577,5,56.02,73.87
1605183578,7,55.4,73.9
1605183579,4,57.25,73.88
1605183580,5,56.04,73.88
1605183581,5,55.42,73.88
1605183582,6,53.65,73.88
1605183583,5,53.34,73.9
1605183584,5,54.62,73.88
1605183585,6,55.19,73.88
1605183586,5,56.41,73.89
1605183587,4,56.02,73.9
1605183588,6,55.97,73.9
1605183589,5,56.43,73.93
1605183590,6,53.69,73.91
1605183591,6,53.53,73.9
1605183592,6,55.48,73.92
1605183593,5,58.48,73.93
1605183594,6,55.23,73.92
1605183595,5,57.98,73.92
1605183596,5,56.44,73.93
1605183597,5,52.33,73.93
1605183598,7,55.2,73.92
1605183599,5,52.44,73.91
1605183600,5,50.57,73.91
1605183601,7,51.97,73.91
1605183602,5,53.52,73.92
1605183603,5,54.96,73.94
1605183604,6,58.17,73.92
1605183605,5,58.29,73.91
1605183606,5,59.16,73.91
1605183607,4,57.55,73.91
1605183608,3,56.64,73.94
1605183609,7,60.7,73.93
1605183610,6,66.28,73.9
1605183611,7,62.16,73.9
1605183613,3,65.14,73.89
1605183613,5,64.21,73.9
1605183614,4,62.45,73.91
1605183615,7,59.28,73.92
1605183617,7,58.9,73.9
1605183618,5,60.51,73.91
1605183619,4,54.37,73.93
1605183620,6,54.37,73.92
1605183621,6,51.56,73.9
1605183622,4,54.11,73.91
1605183623,6,58.85,73.91
1605183624,7,53.92,73.92
1605183626,6,56.13,73.9
1605183627,4,56.77,73.93
1605183628,4,60.86,74.07
1605183628,5,64.81,74.51
1605183629,7,81.74,76.1
1605183631,5,89.62,75.33
1605183632,5,98.15,75.98
1605183633,5,100,76.85
1605183634,4,97.6,76.65
1605183635,6,93.27,76.81
1605183636,5,99.42,78.52
1605183637,5,100,78.97
1605183638,5,95.56,79.21
1605183639,4,80.58,79.34
1605183640,6,68.24,79.39
1605183641,5,66.21,79.45
1605183642,4,68.14,79.46
1605183643,5,63.94,79.48
1605183644,5,66.95,79.5
1605183645,6,67.54,79.5
1605183646,5,57.25,79.52
1605183647,5,61.45,79.5
1605183648,6,60.75,79.52
1605183649,4,58.32,79.52
1605183650,5,60.07,79.51
1605183651,5,62.34,79.49
1605183652,6,61.99,79.5
1605183653,5,60.57,79.52
1605183654,5,64.88,79.55
1605183655,5,64.24,79.55
1605183656,6,67.71,79.57
1605183657,5,68.02,79.55
1605183658,5,63.98,79.55
1605183659,5,59.3,79.57
1605183660,6,60.52,79.55
1605183661,5,61.42,79.54
1605183662,5,66.4,79.55
1605183663,4,64.99,79.55
1605183664,4,64.06,79.55
1605183664,5,62.45,79.55
1605183665,5,62.79,79.55
1605183666,6,65.69,79.55
1605183667,5,67.96,79.56
1605183668,5,65.88,79.57
1605183669,5,66.81,79.57
1605183670,6,67.56,79.55
1605183671,5,64.97,79.54
1605183672,5,67.88,79.53
1605183673,4,64.04,79.53
1605183674,5,63.71,79.56
1605183675,3,60.81,79.56
1605183675,7,61.77,79.56
1605183677,3,61.96,79.55
1605183677,3,64.82,79.52
1605183678,4,62.58,79.52
1605183679,3,66.05,79.52
1605183680,3,66,79.51
1605183680,5,65.09,79.51
1605183681,3,69.01,79.52
1605183682,6,70.23,79.53
1605183683,5,65.63,79.53
1605183684,3,62.96,79.52
1605183685,5,60.03,79.53
1605183686,6,57.97,79.55
1605183687,6,59.77,79.54
1605183688,5,61.91,79.54
1605183689,6,61.52,79.58
1605183690,6,62.28,79.56
1605183691,6,61.38,79.57
1605183692,4,63.84,79.57
1605183693,6,63.18,79.56
1605183694,7,61.38,79.55
1605183695,6,59.15,79.56
1605183696,6,56,79.57
1605183697,5,55.64,79.6
1605183698,7,57.78,79.6
1605183699,6,56.44,79.58
1605183700,5,54.96,79.57
1605183701,6,60.2,79.59
1605183702,5,62.59,79.59
1605183703,7,60.51,79.57
1605183704,5,62.28,79.58
1605183705,5,67.24,79.61
1605183706,7,66.86,79.63
1605183707,6,61.74,79.61
1605183708,5,58.67,79.6
1605183709,7,60.53,79.6
1605183710,6,64.85,79.6
1605183711,5,61.69,79.59
1605183712,8,60.01,79.6
1605183713,7,65.35,79.62
1605183715,8,65.21,79.6
1605183716,4,62.08,79.6
1605183717,5,61.89,79.6
1605183718,5,63.57,79.59
1605183719,7,67.12,79.59
1605183720,6,65,79.6
1605183721,8,62.83,79.6
1605183722,4,62.09,79.6
1605183723,4,62.04,79.59
1605183724,8,63.29,79.59
1605183725,8,63.58,79.58
1605183726,6,67.76,79.59
1605183727,5,68.48,79.6
1605183728,6,65.29,79.6
1605183729,6,63.4,79.59
1605183730,6,65.22,79.59
1605183731,7,61.63,79.59
1605183732,6,61.32,79.59
1605183733,6,63.81,79.6
1605183734,4,64.48,79.58
1605183735,4,64.31,79.57
1605183735,5,63.85,79.57
1605183736,6,61.66,79.57
1605183737,6,60.91,79.58
1605183738,6,62.46,79.59
1605183739,6,63.25,79.58
1605183740,6,65.29,79.6
1605183741,4,63.78,79.58
1605183742,5,65.94,79.59
1605183743,3,66.51,79.59
1605183743,7,65.9,79.59
1605183744,6,65.46,79.6
1605183745,4,66.01,79.6
1605183746,5,63.37,79.6
1605183747,6,64.01,79.6
1605183748,4,67.15,79.58
1605183749,7,66.08,79.58
1605183750,7,68.22,79.6
1605183751,5,70.17,79.63
1605183752,6,71.65,79.62
1605183753,5,70.39,79.6
1605183754,6,71.77,79.59
1605183755,5,72.42,79.6
1605183756,6,67.08,79.61
1605183757,4,67.32,79.62
1605183758,8,67.83,79.62
1605183759,8,65.35,79.6
1605183761,5,62.55,79.59
1605183762,6,62.22,79.59
1605183763,7,62.73,79.62
1605183764,6,71.78,80.12
1605183765,5,90.71,81.31
1605183766,5,83.4,81.86
1605183767,5,95.06,80.62
1605183768,6,99.11,81.71
1605183769,7,99.39,82.51
1605183771,5,96.84,82.44
1605183771,4,95.31,82.53
1605183772,6,98.29,83.5
1605183773,8,100,84.64
1605183774,2,100,84.77
1605183775,7,93.97,84.93
1605183776,3,71.13,85.07
1605183777,6,71.41,85.1
1605183778,5,78.05,85.13
1605183779,7,74.62,85.16
1605183781,7,74.27,85.19
1605183782,7,73.32,85.19
1605183783,3,72.13,85.19
1605183784,7,70.72,85.2
1605183785,5,69.88,85.21
1605183786,6,72.01,85.22
1605183787,8,67.21,85.22
1605183789,3,66.82,85.21
1605183789,6,67.12,85.21
1605183790,5,67.8,85.2
1605183791,6,69.68,85.2
1605183792,5,70.77,85.22
1605183793,2,73.36,85.25
1605183793,5,75.66,85.24
1605183794,7,72.45,85.23
1605183795,6,67.79,85.23
1605183796,5,72.56,85.25
1605183797,4,73.52,85.26
1605183798,5,76.97,85.23
1605183799,5,77.32,85.24
1605183800,4,75.62,85.23
1605183800,5,74.38,85.23
1605183801,5,70.97,85.24
1605183802,5,73.13,85.24
1605183803,5,75.73,85.22
1605183804,8,74.52,85.23
1605183805,4,73.7,85.24
1605183806,4,71.97,85.24
1605183806,5,68.79,85.24
1605183807,5,73.36,85.25
1605183808,6,74.94,85.25
1605183809,6,72.65,85.24
1605183810,4,71.8,85.22
1605183811,2,71.7,85.23
1605183811,7,69.61,85.23
1605183812,4,67.4,85.22
1605183813,4,70.32,85.23
1605183814,5,72.12,85.23
1605183815,6,72.61,85.23
1605183815,5,71.04,85.23
1605183816,7,67.23,85.24
1605183817,7,67.56,85.26
1605183819,6,71.55,85.26
1605183820,5,70.31,85.25
1605183821,4,68.78,85.24
1605183822,4,71.33,85.25
1605183822,3,72.4,85.25
1605183822,5,75.17,85.25
1605183824,8,75.07,85.25
1605183825,6,67.7,85.28
1605183826,6,70.9,85.27
1605183827,8,70.84,85.29
1605183828,2,71.01,85.29
1605183829,8,70.74,85.28
1605183830,9,72.71,85.28
1605183831,3,74.51,85.29
1605183832,8,71.56,85.29
1605183833,6,70.99,85.29
1605183834,5,70.16,85.3
1605183835,9,67.64,85.29
1605183836,1,69.8,85.29
1605183837,9,68.13,85.31
1605183838,9,72.42,85.32
1605183839,2,70.95,85.32
1605183840,8,69.63,85.32
1605183841,4,69.15,85.32
1605183842,8,70.44,85.33
1605183843,5,72.16,85.31
1605183844,2,71.67,85.31
1605183844,4,71.56,85.31
1605183845,8,67.53,85.3
1605183846,5,67.52,85.3
1605183847,7,66.66,85.3
1605183848,4,69.28,85.3
1605183849,6,75.01,85.3
1605183850,7,74.04,85.29
1605183851,3,70.63,85.3
1605183851,5,71.29,85.3
1605183852,6,71.67,85.29
1605183853,6,71.03,85.28
1605183854,4,70.16,85.28
1605183855,7,69.15,85.29
1605183856,4,71.42,85.29
1605183857,9,70.5,85.3
1605183858,7,68.15,85.3
1605183859,9,68.78,85.3
1605183861,2,69.21,85.31
1605183861,6,70.01,85.31
1605183862,8,70.52,85.32
1605183863,5,73.61,85.29
1605183864,6,70.62,85.29
1605183865,5,70.87,85.31
1605183866,7,70.31,85.3
1605183867,5,70.16,85.28
1605183868,9,70.9,85.29
1605183870,5,70.91,85.32
1605183870,5,72,85.31
1605183871,6,71.97,85.3
1605183872,5,71.13,85.31
1605183873,5,67.39,85.32
1605183874,6,68.67,85.32
1605183874,4,71.36,85.32
1605183875,7,72.84,85.31
1605183876,3,72.83,85.31
1605183877,8,70.95,85.31
1605183878,8,74.43,85.32
1605183879,3,72.78,85.35
1605183880,7,69.73,85.36
1605183881,6,66.86,85.35
1605183882,2,67.46,85.35
1605183882,7,67.8,85.34
1605183883,4,67.63,85.33
1605183884,9,68.53,85.34
1605183885,8,71.36,85.36
1605183886,4,68.57,85.34
1605183887,4,63.2,85.36
1605183888,7,67.21,85.35
1605183888,4,71.63,85.37
1605183889,3,71.08,85.37
1605183890,5,72.48,85.37
1605183890,7,71.6,85.34
1605183892,7,67.35,85.33
1605183892,5,67.55,85.33
1605183893,8,68.91,85.33
1605183894,6,70.85,85.33
1605183895,6,66.31,85.33
1605183896,7,68.36,85.34
1605183897,7,67.75,85.34
1605183898,7,68.96,85.34
1605183900,7,69.08,85.35
1605183901,6,75.82,85.84
1605183902,4,85.09,86.48
1605183902,7,88.12,87.34
1605183904,4,94.99,87.2
1605183904,5,97.84,87.03
1605183905,6,99.4,87.82
1605183906,4,98.91,88.33
1605183907,9,97.45,88.22
1605183909,7,94.49,88.2
1605183910,2,98.91,88.96
1605183910,7,100,89.6
1605183912,5,100,90.36
1605183912,6,100,90.43
1605183913,8,95.58,90.66
1605183915,5,83.45,90.78
1605183915,5,80.31,90.81
1605183916,6,77.74,90.87
1605183917,5,76.8,90.92
1605183918,9,75.42,90.92
1605183920,5,75.84,90.92
1605183921,9,78.49,90.93
1605183922,4,75.39,90.95
1605183923,7,74.78,90.95
1605183924,6,74.97,90.95
1605183925,5,73.16,90.95
1605183926,6,72.38,90.94
1605183927,5,74.34,90.95
1605183928,6,72.66,90.95
1605183929,8,72.16,90.96
1605183930,7,74.81,90.96
1605183931,6,71.3,90.94
1605183932,6,72.67,90.95
1605183933,4,79.28,90.95
1605183934,3,77.81,90.95
1605183934,6,76.98,90.94
1605183935,9,77.84,90.95
1605183937,4,76.71,90.95
1605183937,6,80.08,90.97
1605183938,3,82.23,90.96
1605183938,7,80.51,90.95
1605183939,7,79.39,90.95
1605183941,5,76.03,90.96
1605183941,6,73.03,90.97
1605183943,6,74.78,90.97
1605183943,4,74.98,90.98
1605183944,7,74.39,90.98
1605183945,5,74.92,90.98
1605183946,7,73.79,90.96
1605183947,6,76.18,90.95
1605183948,7,76.94,90.95
1605183949,2,79.59,90.96
1605183949,7,79.9,90.97
1605183950,5,77.64,90.97
1605183951,8,76.44,90.96
1605183952,1,73.22,90.95
1605183952,7,71.93,90.96
1605183953,6,71.86,90.96
1605183954,2,74.23,90.97
1605183955,6,75.74,90.97
1605183955,6,80.12,90.97
1605183956,5,80.2,90.96
1605183957,6,74.51,90.96
1605183958,8,74.9,90.95
1605183959,4,69.79,90.97
1605183959,7,68.45,90.97
1605183960,6,70.31,90.95
1605183961,5,73.66,90.95
1605183962,6,75.26,90.96
1605183963,4,77.4,90.95
1605183963,5,78.04,90.95
1605183964,5,80.35,90.96
1605183965,7,77.32,90.96
1605183966,6,75.85,90.98
1605183967,10,76.79,90.98
1605183969,3,75.14,90.98
1605183969,6,75.66,90.98
1605183970,7,78.95,91.02
1605183971,5,79.79,91.04
1605183972,8,78.32,91.02
1605183973,6,80.4,91.01
1605183974,8,77.71,91.01
1605183976,9,76.7,91
1605183977,5,77.21,91.01
1605183978,6,74.68,91.02
1605183979,9,74.06,91.02
1605183980,7,78.67,91.02
1605183981,5,78.32,91.03
1605183982,3,76.84,91.02
1605183983,9,73.78,91.03
1605183984,2,77.24,91.03
1605183984,10,77.24,91.03
1605183986,2,76.22,91.01
1605183986,9,74.4,91.01
1605183987,5,73.38,91.02
1605183988,7,75.12,91.04
1605183989,6,75.88,91.03
1605183990,7,73.65,91.02
1605183991,6,73.96,91.02
1605183992,5,72.34,91.02
1605183993,7,74.24,91.03
1605183994,5,74.13,91.02
1605183995,5,77.69,91.03
1605183996,6,76.31,91.03
1605183997,3,75.28,91.02
1605183997,9,75.31,91.01
1605183999,10,72.16,91.01
1605184000,5,72.06,91.02
1605184001,7,73.5,91.03
1605184002,5,74.96,91.06
1605184003,8,74.65,91.07
1605184004,5,74.19,91.04
1605184005,10,74.34,91.05
1605184007,5,75.71,91.03
1605184007,5,74.2,91.04
1605184008,8,74.32,91.04
1605184009,6,77.47,91.02
1605184010,6,78.56,91.02
1605184011,8,78.14,91.05
1605184012,6,77.91,91.05
1605184013,8,78.16,91.05
1605184014,4,77.54,91.04
1605184015,8,76.07,91.02
1605184016,5,75.69,91.02
1605184017,7,76.42,91.03
1605184018,3,78.18,91.03
1605184018,6,77.04,91.04
1605184019,8,78.81,91.03
1605184020,4,78.17,91.03
1605184021,8,75.94,91.04
1605184022,4,74.12,91.06
1605184023,6,73.36,91.03
1605184023,2,73.21,91.03
1605184024,7,72.06,91.03
1605184025,6,71.04,91.04
1605184026,5,71.67,91.04
1605184026,9,74.8,91.05
1605184027,5,78.35,91.03
1605184028,6,80.08,91.03
1605184029,2,82.45,91.03
1605184029,7,80.12,91.02
1605184030,4,76.29,91.02
1605184030,2,76.02,91.02
1605184031,7,76.45,91.04
1605184032,2,78.54,91.02
1605184032,8,86.82,91.02
1605184033,6,86.82,91.04
1605184034,3,77.81,91.04
1605184034,6,75.15,91.03
1605184035,6,74.1,91.03
1605184036,6,75.11,91.03
1605184037,3,74.71,91.05
1605184037,8,73.17,91.04
1605184038,4,73.36,91.11
1605184039,8,84,91.71
1605184040,10,91.01,93.17
1605184042,2,86.59,94.02
1605184042,4,93.24,93.25
1605184043,10,99.07,92.18
1605184045,4,99.53,93.82
1605184045,6,99.6,93.93
1605184046,7,99.68,93.9
1605184047,6,96.3,93.76
1605184048,3,94.91,93.84
1605184049,8,98.45,94.52
1605184050,9,100,96.01
1605184052,3,100,96.11
1605184052,5,100,96.24
1605184053,10,92.31,96.4
1605184055,4,79.24,96.48
1605184055,4,77.37,96.49
1605184056,6,78.52,96.52
1605184057,5,79.09,96.54
1605184058,3,78.4,96.55
1605184058,7,79.6,96.57
1605184059,4,81.87,96.58
1605184060,8,79.77,96.58
1605184061,7,77.69,96.6
1605184063,4,79.07,96.62
1605184063,4,80.59,96.62
1605184064,4,82.41,96.62
1605184065,6,81.14,96.63
1605184066,7,81.27,96.64
1605184067,5,81.3,96.66
1605184068,8,81.73,96.66
1605184069,6,81.94,96.52
1605184070,10,80.49,96.22
1605184072,1,79.61,96.17
1605184072,7,78.49,96.16
1605184073,6,77.53,96.17
1605184074,7,81.71,96.19
1605184075,5,80.68,96.18
1605184076,8,77.64,96.17
1605184077,6,78.93,96.17
1605184078,6,80.86,96.17
1605184079,7,83.95,96.17
1605184080,7,83.72,96.18
1605184081,9,81.56,96.18
1605184082,3,78.8,96.18
1605184083,9,80.03,96.19
1605184084,5,79.51,96.19
1605184085,8,79.87,96.18
1605184086,5,80.76,96.18
1605184087,7,82.1,96.18
1605184088,2,84.94,96.16
1605184088,10,83,96.16
1605184090,4,79.46,96.17
1605184090,5,79.25,96.17
1605184091,10,78.14,96.18
1605184093,8,81.61,96.17
1605184094,6,85.08,96.17
1605184095,4,85.66,96.16
1605184095,3,85.2,96.16
1605184095,4,83.78,96.15
1605184096,5,84.9,96.16
1605184096,6,84.66,96.16
1605184097,3,83.69,96.16
1605184097,1,80.56,96.21
1605184098,4,81.64,96.19
1605184098,4,81.61,96.19
1605184098,6,84.02,96.17
1605184099,4,80.84,96.16
1605184100,5,81.94,96.16
1605184101,7,81.56,96.17
1605184101,2,82.47,96.17
1605184101,4,86.73,96.16
1605184102,2,86.39,96.15
1605184102,6,87.13,96.15
1605184103,2,89.66,96.17
1605184103,3,88.57,96.16
1605184103,2,88.31,96.17
1605184104,1,86.27,96.22
1605184104,1,86.27,96.22
1605184104,3,87.25,96.18
1605184104,2,87.01,96.18
1605184104,2,86.27,96.18
1605184104,1,86.27,96.17
1605184104,2,85.91,96.18
1605184105,2,83.43,96.17
1605184105,2,83.43,96.17
1605184105,2,83.43,96.17
1605184105,2,82.96,96.18
1605184105,2,82.14,96.17
1605184105,3,81.31,96.17
1605184106,1,79.05,96.22
1605184106,1,79.05,96.22
1605184106,3,79.8,96.2
1605184106,3,79.43,96.21
1605184106,3,79.94,96.21
1605184107,1,84.76,96.17
1605184107,3,82.25,96.19
1605184107,1,84.76,96.19
1605184107,2,84.76,96.18
1605184107,1,84.76,96.19
1605184107,2,84.09,96.19
1605184108,1,82.08,96.19
1605184108,1,82.08,96.19
1605184108,3,82.97,96.2
1605184108,2,82.75,96.2
1605184108,2,82.08,96.21
1605184108,1,81.19,96.19
1605184109,2,81.41,96.19
1605184109,2,81.86,96.19
1605184109,2,81.72,96.18
1605184109,1,81.19,96.17
1605184109,1,81.19,96.17
1605184109,1,81.19,96.17
1605184109,1,81.19,96.17
1605184110,2,79.44,96.19
1605184110,4,81.42,96.18
1605184110,3,81.89,96.19
1605184111,1,83.18,96.21
1605184111,2,82.38,96.2
1605184111,1,82.08,96.19
1605184111,1,82.08,96.19
1605184111,1,82.08,96.19
1605184111,2,79.29,96.2
1605184112,2,79.29,96.2
1605184112,2,78.66,96.2
1605184112,2,78.87,96.22
1605184112,2,79.17,96.22
1605184112,2,83.12,96.21
1605184113,2,83.6,96.22
1605184113,1,85.58,96.21
1605184113,1,83.65,96.2
1605184113,1,83.65,96.2
1605184113,1,83.65,96.2
1605184114,3,83.69,96.18
1605184114,4,82.61,96.19
1605184114,1,81.98,96.22
1605184115,1,81.98,96.22
1605184115,1,76.92,96.17
1605184115,1,76.92,96.17
1605184115,1,76.92,96.17
1605184115,1,76.92,96.25
1605184116,3,78.94,96.22
1605184116,4,81.32,96.18
1605184117,1,79.48,96.19
1605184117,1,79.48,96.19
1605184117,1,79.48,96.19
1605184117,1,75.96,96.17
1605184117,2,76.6,96.18
1605184118,1,74.07,96.18
1605184118,2,74.39,96.18
1605184118,3,74.42,96.18
1605184119,1,82.24,96.18
1605184119,1,82.24,96.18
1605184119,1,82.73,96.17
1605184119,1,82.73,96.17
1605184120,1,77.14,96.23
1605184120,2,78.69,96.21
1605184120,1,78.85,96.19
1605184121,1,78.85,96.22
1605184121,1,82.41,96.18
1605184121,1,82.41,96.18
1605184122,1,82.41,96.18
1605184122,1,83.18,96.2
1605184122,2,82.45,96.2
1605184122,1,83.18,96.2
1605184122,1,83.18,96.26
1605184123,1,83.18,96.26
1605184123,1,83.18,96.26
1605184123,1,80.18,96.17
1605184123,1,80.18,96.17
1605184123,1,80.18,96.17
1605184124,1,80.18,96.19
1605184124,1,80.18,96.19
1605184124,2,77.9,96.18
1605184124,1,75.93,96.16
1605184124,1,75.93,96.16
1605184125,1,75.93,96.17
1605184125,1,77.14,96.19
1605184125,1,77.14,96.19
1605184125,1,75.68,96.21
1605184126,1,75.68,96.21
1605184126,2,81.34,96.18
1605184126,1,84.4,96.17
1605184127,1,91.51,96.21
1605184127,1,91.51,96.21
1605184127,1,74.26,96.2
1605184127,1,74.26,96.2
1605184127,1,74.26,96.2
1605184128,1,74.26,96.24
1605184128,1,77.98,96
1605184128,1,77.98,96
1605184128,2,81.99,96.06
1605184129,1,83.64,95.99
1605184129,1,75.24,95.98
1605184129,1,75.24,95.98
1605184129,1,73.74,96.02
1605184130,1,73.74,96.02
1605184130,1,82.86,96
1605184130,1,82.86,96
1605184130,2,82.22,95.99
1605184131,1,85.19,95.98
1605184131,1,80.95,96.01
1605184131,1,80.95,96.01
1605184131,1,79.25,95.98
1605184132,1,79.63,95.99
1605184132,1,79.63,95.99
1605184132,2,78.84,96.02
1605184132,1,78.18,96.03
1605184133,1,78.18,95.99
1605184133,1,78.18,95.99
1605184133,1,78.18,95.99
1605184133,1,77.78,96
1605184133,1,77.78,96
1605184133,1,77.78,96
1605184134,1,77.78,96
1605184134,1,77.78,96
1605184134,2,77.38,95.99
1605184134,1,77.06,95.99
1605184135,1,82.41,96.01
1605184135,1,82.41,96.01
1605184135,1,75,96.01
1605184135,1,75,96.01
1605184136,1,75.86,96
1605184136,2,77.14,96
1605184136,1,83.02,96
1605184137,1,83.02,96
1605184137,1,83.02,96
1605184137,1,83.64,96.02
1605184137,1,76.92,95.99
1605184138,1,76.92,95.99
1605184138,2,78.36,96.01
1605184138,1,81.73,96.01
1605184138,1,81.73,96.01
1605184139,1,81.73,95.99
1605184139,1,81.73,95.99
1605184139,1,81.73,95.99
1605184139,1,81.9,95.98
1605184139,1,81.9,95.98
1605184140,1,84.55,96
1605184140,1,84.55,96
1605184140,2,83.64,96
1605184140,1,81.98,96
1605184140,1,81.98,96
1605184140,1,81.98,96
1605184141,1,77.27,96
1605184141,1,77.27,96
1605184141,1,77.27,96
1605184141,1,79.63,96.06
1605184141,1,79.63,96.06
1605184142,1,82.08,96.04
1605184142,2,81.16,96.03
1605184142,1,82.08,96.04
1605184142,1,78.5,96.09
1605184142,1,78.5,96.09
1605184143,1,78.5,96.09
1605184143,1,81.55,96.06
1605184143,1,83.5,96.03
1605184143,1,83.5,96.03
1605184144,1,77.36,96.03
1605184144,1,77.36,96.03
1605184144,2,78.79,96.04
1605184144,1,81.48,96.06
1605184144,1,81.48,96.06
1605184145,1,86.92,96.02
1605184145,1,81.31,96.01
1605184146,2,79.72,96.05
1605184146,1,82.57,96.03
1605184146,1,82.57,96.03
1605184146,1,85.58,96.1
1605184147,1,85.58,96.1
1605184147,1,85.58,96.1
1605184147,1,85.58,96.06
1605184148,1,81.13,96.07
1605184148,2,82.24,96.07
1605184148,1,81.13,96.07
1605184148,1,81.13,96.07
1605184148,1,74.11,96.05
1605184149,1,74.11,96.05
1605184149,1,74.11,96.05
1605184149,1,74.11,96.07
1605184149,1,75.23,96.04
1605184150,1,75.23,96.04
1605184150,1,78.7,96.04
1605184150,2,77.12,96.04
1605184151,1,74.31,96.03
1605184151,1,76.15,96.04
1605184151,1,76.15,96.04
1605184151,1,74.31,96.09
1605184151,1,74.31,96.09
1605184152,1,74.31,96.09
1605184152,2,75.41,96.08
1605184152,1,76.04,96.06
1605184152,1,76.04,96.06
1605184153,1,76.04,96.06
1605184153,1,73.27,96.04
1605184153,1,73.27,96.04
1605184153,1,75.47,96.06
1605184154,2,77.75,96.06
1605184154,1,79.44,96.06
1605184154,1,79.44,96.09
1605184154,1,79.44,96.09
1605184155,1,77.48,96.06
1605184155,1,77.48,96.06
1605184156,1,73.33,96.04
1605184156,2,74.77,96.05
1605184156,1,73.33,96.06
1605184156,1,73.33,96.06
1605184156,1,73.33,96.06
1605184157,1,85.05,96.11
1605184157,1,85.05,96.1
1605184157,1,85.05,96.1
1605184157,1,85.05,96.1
1605184158,2,77.54,96.07
1605184158,1,73.79,96.08
1605184158,1,74.29,96.06
1605184159,1,74.29,96.06
1605184159,1,76.92,96.08
1605184159,1,76.92,96.08
1605184159,1,79.63,96.09
1605184160,1,79.63,96.09
1605184160,2,76.95,96.1
1605184160,1,77.48,96.12
1605184161,1,85.19,96.07
1605184161,1,85.19,96.07
1605184161,1,85.19,96.08
1605184162,1,77.57,96.11
1605184162,2,79.73,96.1
1605184162,1,78.3,96.05
1605184163,1,78.3,96.05
1605184163,1,75.73,96.05
1605184163,1,75.73,96.05
1605184163,1,75.73,96.06
1605184163,1,75.73,96.06
1605184164,2,78.61,96.06
1605184164,1,79.82,96.06
1605184165,1,79.82,96.08
1605184165,1,76.64,96.06
1605184165,1,76.64,96.06
1605184165,1,75.23,96.05
1605184165,1,75.23,96.05
1605184166,1,77.78,96.14
1605184166,1,77.78,96.14
1605184166,2,80.86,96.25
1605184167,1,97.03,96.07
1605184167,1,94.17,96.07
1605184167,1,94.17,96.07
1605184168,1,82.86,96.09
1605184168,1,82.86,96.09
1605184168,1,82.86,96.09
1605184168,2,85.34,96.06
1605184169,1,81.73,96.13
1605184169,1,81.73,96.13
1605184169,1,78.85,96.18
1605184169,1,91.18,96.27
1605184170,2,92.11,96.12
1605184170,1,97.03,96.07
1605184171,1,80.19,96.12
1605184171,1,80.19,96.12
1605184171,1,80.19,96.12
1605184171,1,79.82,96.07
1605184171,2,84.53,96.1
1605184172,2,83.92,96.1
1605184174,1,76.58,96.1
1605184175,1,80.73,96.1
1605184176,1,77.15,96.1
