timestamp,IL,avgCPU,avgRAM,#robots
1605182760.7,1,11.51,40.57,1
1605182762.111,1,17.61,40.6,1
1605182763.561,1,13.31,40.61,1
1605182764.973,1,13.63,40.64,1
1605182766.361,1,15.76,40.6,1
1605182767.771,1,16.66,40.6,1
1605182769.22,1,15.47,40.59,1
1605182770.63,1,17.64,40.6,1
1605182772.061,1,17.5,40.59,1
1605182773.471,1,17.37,40.6,1
1605182774.892,1,12.28,40.6,1
1605182776.283,1,10.56,40.6,1
1605182777.75,1,14.65,40.6,1
1605182779.121,1,13.27,40.6,1
1605182780.491,1,13.39,40.6,1
1605182781.92,1,11.54,40.6,1
1605182783.31,1,15.83,40.6,1
1605182784.74,1,13.13,40.6,1
1605182786.18,1,13.31,40.6,1
1605182787.591,1,16.1,40.61,1
1605182789.02,1,12.01,40.63,1
1605182790.45,1,13.67,40.63,1
1605182791.88,1,15.13,40.61,1
1605182793.31,1,15.38,40.61,1
1605182794.721,1,15.01,40.61,1
1605182796.15,1,15.24,40.6,1
1605182797.581,1,12.21,40.6,1
1605182799.011,1,13.84,40.6,1
1605182800.442,1,11.91,40.61,1
1605182801.52,1,17.19,40.61,1
1605182802.521,1,20.9,40.61,1
1605182803.521,1,22.22,40.6,1
1605182804.521,1,18.9,40.61,1
1605182805.541,1,21.82,40.6,1
1605182806.542,1,18.43,40.6,1
1605182807.54,1,22.0,40.61,1
1605182808.54,1,22.89,40.61,1
1605182809.54,1,18.88,40.61,1
1605182810.54,1,23.42,40.61,1
1605182811.541,1,15.65,40.6,1
1605182812.541,1,17.92,40.61,1
1605182814.501,1,21.41,40.61,1
1605182814.54,1,21.41,40.61,1
1605182815.541,1,22.12,40.6,1
1605182816.54,1,18.43,40.59,1
1605182817.54,1,21.5,40.6,1
1605182818.541,1,21.11,40.59,1
1605182819.562,1,19.05,40.59,1
1605182820.88,1,20.19,40.6,1
1605182822.334,1,18.47,40.59,1
1605182823.76,1,11.65,40.6,1
1605182825.154,1,15.08,40.6,1
1605182826.581,1,15.27,40.61,1
1605182827.991,1,14.96,40.6,1
1605182829.42,1,14.33,40.6,1
1605182830.84,1,16.23,40.6,1
1605182832.231,1,16.43,40.6,1
1605182833.681,1,15.72,40.6,1
1605182835.1,1,19.01,40.63,1
1605182836.531,1,53.8,42.58,1
1605182837.98,1,91.09,43.27,1
1605182839.411,1,96.5,44.2,1
1605182840.861,1,98.0,45.61,1
1605182842.29,1,63.2,45.96,1
1605182843.721,1,23.14,45.98,1
1605182845.15,1,15.03,45.97,1
1605182846.58,1,14.09,45.98,1
1605182848.0,1,15.29,45.97,1
1605182849.433,1,15.62,45.98,1
1605182850.861,1,13.83,45.98,1
1605182852.255,1,19.37,45.98,1
1605182853.699,1,18.69,46.0,1
1605182855.13,1,14.48,46.02,1
1605182856.56,1,15.51,46.01,1
1605182858.011,1,19.54,46.01,1
1605182859.442,1,18.4,46.01,1
1605182860.891,1,17.46,46.01,1
1605182862.012,1,16.98,46.01,1
1605182863.013,1,18.56,46.01,1
1605182864.012,1,13.78,46.01,1
1605182865.015,1,15.0,46.01,1
1605182866.032,1,17.95,46.01,1
1605182867.031,1,15.97,46.0,1
1605182868.032,1,20.41,46.01,1
1605182869.032,1,18.3,46.01,1
1605182870.031,1,17.91,46.03,1
1605182871.031,1,15.39,46.02,1
1605182872.032,1,11.69,46.02,1
1605182873.03,1,16.67,46.02,1
1605182874.032,1,16.15,46.02,1
1605182875.03,1,13.83,46.02,1
1605182876.031,1,13.93,46.04,1
1605182877.031,1,12.16,46.05,1
1605182878.05,1,16.38,46.07,1
1605182879.051,1,12.84,46.07,1
1605182880.053,1,17.02,46.05,1
1605182881.391,1,18.29,46.01,1
1605182882.86,1,25.82,46.01,1
1605182884.29,1,19.67,46.01,1
1605182885.72,1,17.01,46.02,1
1605182887.16,1,15.73,46.01,2
1605182888.632,1,17.1,46.01,1
1605182890.08,1,16.74,46.01,2
1605182891.52,1,18.04,46.03,2
1605182892.95,1,20.47,46.02,2
1605182894.45,1,20.14,46.03,2
1605182895.88,1,17.01,46.03,2
1605182897.312,1,20.8,46.04,2
1605182898.722,1,19.04,46.05,2
1605182900.18,1,19.45,46.07,2
1605182901.62,1,22.55,46.06,2
1605182903.05,1,20.42,46.04,2
1605182904.48,1,21.19,46.04,2
1605182905.93,1,17.59,46.04,2
1605182907.361,1,20.47,46.04,2
1605182908.83,1,18.61,46.04,2
1605182910.268,1,19.25,46.04,2
1605182911.75,1,18.05,46.04,2
1605182913.183,1,21.4,46.04,2
1605182914.609,1,21.46,46.04,2
1605182916.039,1,20.1,46.04,2
1605182917.51,1,16.38,46.04,2
1605182918.929,1,16.69,46.04,2
1605182920.41,1,17.28,46.04,2
1605182921.841,1,16.16,46.04,2
1605182922.94,1,21.09,46.04,2
1605182923.941,1,19.0,46.04,2
1605182924.941,1,18.62,46.04,1
1605182925.944,1,18.49,46.04,2
1605182926.94,1,16.54,46.06,2
1605182927.94,1,16.14,46.06,1
1605182928.941,1,17.9,46.07,2
1605182929.94,1,25.08,46.08,2
1605182930.961,1,19.29,46.09,2
1605182931.961,1,16.57,46.09,2
1605182932.96,1,15.98,46.09,2
1605182933.96,1,16.14,46.08,2
1605182934.961,1,19.61,46.09,2
1605182935.96,1,17.21,46.09,2
1605182936.96,1,17.61,46.08,2
1605182937.961,1,15.23,46.09,2
1605182938.96,1,15.44,46.08,2
1605182939.961,1,15.82,46.08,2
1605182940.961,1,15.59,46.09,2
1605182942.291,1,18.52,46.09,2
1605182943.543,1,18.03,46.08,2
1605182944.551,1,21.72,46.08,2
1605182945.529,1,20.31,46.09,1
1605182946.556,1,22.55,46.1,2
1605182947.551,1,22.29,46.08,2
1605182948.551,1,22.73,46.09,2
1605182949.55,1,23.39,46.09,1
1605182950.881,1,25.33,46.09,2
1605182952.341,1,21.04,46.1,2
1605182953.772,1,20.53,46.05,2
1605182955.2,1,23.36,46.04,2
1605182956.626,1,22.09,46.04,2
1605182958.051,1,19.22,46.04,2
1605182959.476,1,19.73,46.04,2
1605182960.919,1,20.14,46.04,2
1605182962.33,1,20.35,46.04,2
1605182963.759,1,17.35,46.05,2
1605182965.191,1,17.29,46.33,2
1605182966.59,1,62.55,48.19,2
1605182968.05,1,87.82,47.95,2
1605182969.552,1,97.0,48.66,2
1605182971.053,1,98.22,50.89,2
1605182972.5,1,85.02,51.36,2
1605182973.921,1,39.8,51.48,2
1605182975.379,1,25.11,51.47,2
1605182976.8,1,22.6,51.47,2
1605182978.249,1,33.97,51.49,2
1605182979.742,1,29.81,51.49,2
1605182981.18,1,23.19,51.49,2
1605182982.61,1,23.57,51.49,2
1605182983.8,1,23.24,51.49,2
1605182984.8,1,24.25,51.48,2
1605182985.802,1,24.92,51.48,1
1605182986.807,1,23.79,51.48,2
1605182987.801,1,25.02,51.48,2
1605182988.806,1,16.48,51.48,1
1605182989.8,1,25.01,51.55,2
1605182990.802,1,29.0,51.6,2
1605182991.802,1,25.06,51.6,2
1605182992.802,1,24.65,51.58,2
1605182993.805,1,25.11,51.57,2
1605182994.803,1,21.65,51.58,1
1605182995.802,1,23.12,51.58,2
1605182996.372,1,24.23,51.57,2
1605182997.37,1,23.91,51.6,2
1605182998.374,1,28.83,51.59,2
1605182999.371,1,25.93,51.58,2
1605183000.368,1,27.31,51.57,2
1605183001.37,1,25.79,51.61,2
1605183002.371,1,25.98,51.6,2
1605183003.37,1,23.2,51.61,1
1605183004.371,1,22.46,51.58,2
1605183005.371,1,19.5,51.59,2
1605183006.37,1,21.62,51.6,1
1605183007.369,1,19.93,51.6,2
1605183008.376,1,24.53,51.6,2
1605183009.389,1,29.13,51.59,1
1605183010.39,1,28.95,51.57,2
1605183011.757,1,25.46,51.58,2
1605183013.241,1,30.3,51.55,2
1605183014.699,1,29.91,51.51,2
1605183016.119,1,25.38,51.51,2
1605183017.531,1,22.18,51.53,3
1605183018.959,1,24.58,51.5,2
1605183020.412,1,19.69,51.54,3
1605183021.879,1,27.6,51.55,3
1605183023.359,1,26.31,51.55,3
1605183024.799,1,25.41,51.54,3
1605183026.239,1,25.85,51.54,3
1605183027.659,1,27.49,51.53,3
1605183029.069,1,27.25,51.53,3
1605183030.539,1,28.89,51.55,3
1605183031.949,1,24.61,51.56,3
1605183033.409,1,21.25,51.53,3
1605183034.88,1,26.88,51.53,3
1605183036.32,1,22.85,51.53,3
1605183037.732,1,23.47,51.54,3
1605183039.163,1,24.57,51.56,3
1605183040.609,1,23.59,51.56,3
1605183042.029,1,24.97,51.58,3
1605183043.489,1,24.22,51.56,3
1605183044.831,1,23.29,51.55,3
1605183045.831,1,24.77,51.55,2
1605183046.831,1,21.54,51.54,2
1605183047.831,1,19.58,51.53,3
1605183048.832,1,23.2,51.54,2
1605183049.832,1,25.09,51.54,3
1605183050.832,1,20.31,51.54,2
1605183051.834,1,23.85,51.56,2
1605183052.85,1,21.46,51.56,3
1605183053.852,1,21.24,51.57,3
1605183054.85,1,23.44,51.57,3
1605183055.851,1,18.75,51.57,2
1605183056.852,1,16.32,51.56,3
1605183057.851,1,18.71,51.57,3
1605183058.859,1,18.46,51.58,2
1605183059.851,1,20.72,51.55,3
1605183060.852,1,20.43,51.54,3
1605183061.851,1,19.28,51.55,3
1605183062.851,1,19.45,51.56,3
1605183064.203,1,18.95,51.57,3
1605183065.279,1,21.22,51.57,3
1605183066.28,1,22.31,51.58,3
1605183067.279,1,22.32,51.58,2
1605183068.28,1,21.3,51.57,3
1605183069.279,1,23.98,51.58,3
1605183070.284,1,22.55,51.58,2
1605183071.279,1,20.24,51.59,3
1605183072.665,1,20.95,51.6,3
1605183073.771,1,28.82,51.56,3
1605183074.766,1,29.9,51.55,2
1605183075.764,1,28.61,51.56,2
1605183076.768,1,29.76,51.55,3
1605183077.766,1,29.22,51.55,2
1605183078.77,1,27.44,51.55,2
1605183079.774,1,27.87,51.57,3
1605183080.767,1,33.68,51.56,3
1605183082.114,1,27.13,51.56,3
1605183083.557,1,22.49,51.56,3
1605183084.955,1,24.95,51.56,3
1605183086.386,1,26.91,51.56,3
1605183087.875,1,23.74,51.56,3
1605183089.306,1,26.24,51.57,3
1605183090.725,1,28.61,51.57,3
1605183092.174,1,22.97,51.56,3
1605183093.593,1,25.59,51.59,3
1605183095.069,1,41.91,52.09,3
1605183096.506,1,66.26,52.81,3
1605183098.045,1,90.0,53.92,3
1605183099.517,1,96.67,54.51,3
1605183100.934,1,98.67,55.95,3
1605183102.423,1,89.64,56.81,3
1605183103.883,1,51.23,56.99,3
1605183105.336,1,37.99,57.01,3
1605183106.783,1,27.18,57.04,3
1605183108.182,1,25.58,57.03,2
1605183109.181,1,26.12,57.01,3
1605183110.181,1,29.89,57.04,3
1605183111.181,1,30.9,57.04,1
1605183112.181,1,26.44,57.02,3
1605183113.182,1,29.59,57.01,3
1605183114.181,1,28.45,57.03,2
1605183115.183,1,29.79,57.02,3
1605183116.181,1,28.68,57.02,3
1605183117.182,1,26.95,57.03,2
1605183118.201,1,28.4,57.02,3
1605183119.203,1,30.39,57.03,3
1605183120.2,1,27.78,57.02,2
1605183121.201,1,27.34,57.01,2
1605183122.2,1,30.74,57.02,3
1605183122.788,1,33.4,57.04,3
1605183123.793,1,34.65,57.04,3
1605183124.791,1,31.8,57.03,2
1605183125.794,1,29.41,57.03,2
1605183126.801,1,31.24,57.03,3
1605183127.794,1,30.8,57.04,3
1605183128.794,1,25.77,57.08,2
1605183129.792,1,34.32,57.1,3
1605183130.797,1,35.31,57.08,3
1605183131.793,1,35.69,57.08,3
1605183132.793,1,33.01,57.05,2
1605183133.804,1,34.69,57.05,3
1605183134.826,1,28.3,57.03,3
1605183135.823,1,21.98,57.03,1
1605183136.824,1,25.72,57.02,3
1605183137.824,1,26.65,57.05,3
1605183138.823,1,26.04,57.03,1
1605183139.825,1,29.48,57.04,3
1605183140.824,1,33.82,57.05,3
1605183141.829,1,33.1,57.06,3
1605183143.254,1,39.09,57.04,3
1605183144.696,1,36.61,57.03,3
1605183146.164,1,27.11,57.04,3
1605183147.649,1,26.07,57.04,3
1605183149.083,1,28.88,57.05,4
1605183150.558,1,29.8,57.07,3
1605183152.048,1,33.69,57.07,4
1605183153.493,1,38.77,57.07,4
1605183154.923,1,37.0,57.06,4
1605183156.383,1,36.58,57.06,4
1605183157.843,1,33.68,57.06,4
1605183159.365,1,37.1,57.06,4
1605183160.824,1,33.5,57.08,4
1605183162.294,1,31.3,57.08,4
1605183163.727,1,32.67,57.09,4
1605183165.155,1,33.32,57.09,3
1605183166.564,1,30.4,57.09,3
1605183167.673,1,31.79,57.1,4
1605183168.652,1,30.57,57.08,3
1605183169.651,1,32.05,57.08,2
1605183170.651,1,29.98,57.09,4
1605183171.672,1,28.72,57.09,3
1605183172.671,1,29.33,57.08,3
1605183173.675,1,25.25,57.09,3
1605183174.672,1,28.58,57.09,3
1605183175.674,1,28.34,57.08,3
1605183176.671,1,21.4,57.07,4
1605183177.677,1,24.37,57.06,3
1605183178.674,1,25.63,57.07,3
1605183179.672,1,28.16,57.1,4
1605183180.671,1,29.0,57.09,3
1605183181.672,1,25.74,57.1,4
1605183182.671,1,27.45,57.11,3
1605183183.672,1,27.98,57.12,3
1605183184.671,1,30.56,57.11,4
1605183185.691,1,31.89,57.07,4
1605183187.022,1,27.67,57.06,4
1605183188.145,1,28.99,57.07,4
1605183189.146,1,32.53,57.08,3
1605183190.143,1,33.41,57.06,3
1605183191.145,1,29.36,57.06,4
1605183192.166,1,24.54,57.07,3
1605183193.144,1,23.47,57.07,3
1605183194.163,1,25.74,57.07,4
1605183195.172,1,29.1,57.08,4
1605183196.166,1,24.16,57.07,3
1605183197.164,1,26.01,57.06,3
1605183198.164,1,28.32,57.08,4
1605183199.165,1,27.66,57.09,4
1605183200.164,1,30.3,57.07,2
1605183201.166,1,33.72,57.1,4
1605183202.172,1,25.77,57.09,4
1605183203.166,1,28.69,57.08,4
1605183204.537,1,33.89,57.08,2
1605183205.657,1,36.72,57.08,4
1605183206.654,1,35.88,57.08,3
1605183207.653,1,34.8,57.09,2
1605183208.662,1,36.62,57.08,4
1605183209.651,1,40.44,57.08,2
1605183210.655,1,43.8,57.08,3
1605183211.65,1,40.41,57.08,4
1605183212.658,1,41.22,57.07,4
1605183214.048,1,38.27,57.08,4
1605183215.544,1,36.5,57.08,4
1605183217.043,1,30.03,57.08,4
1605183218.509,1,35.13,57.08,4
1605183219.948,1,35.12,57.08,4
1605183221.432,1,35.9,57.08,4
1605183222.89,1,33.64,57.09,4
1605183224.344,1,33.14,57.08,4
1605183225.828,1,37.95,57.16,4
1605183227.271,1,56.75,58.6,4
1605183228.78,1,83.71,59.1,4
1605183230.255,1,98.21,59.52,3
1605183231.702,1,98.68,59.77,4
1605183232.701,1,94.72,60.68,3
1605183233.697,1,100.0,61.96,2
1605183234.718,1,93.3,62.22,4
1605183235.717,1,72.15,62.46,3
1605183236.713,1,53.31,62.51,2
1605183237.715,1,46.21,62.52,4
1605183238.717,1,35.65,62.52,4
1605183239.715,1,31.51,62.54,2
1605183240.714,1,34.12,62.54,4
1605183241.716,1,32.06,62.52,4
1605183242.721,1,27.62,62.53,3
1605183243.718,1,30.5,62.53,3
1605183244.716,1,36.1,62.57,4
1605183245.72,1,36.13,62.56,4
1605183246.715,1,33.37,62.56,3
1605183247.716,1,33.82,62.57,4
1605183249.145,1,33.96,62.54,4
1605183250.212,1,35.13,62.55,4
1605183251.211,1,36.48,62.56,3
1605183252.242,1,38.6,62.57,3
1605183253.21,1,36.39,62.55,4
1605183254.202,1,41.46,62.59,3
1605183255.207,1,42.26,62.57,3
1605183256.227,1,40.52,62.56,4
1605183257.602,1,39.87,62.58,4
1605183258.657,1,42.57,62.56,4
1605183259.658,1,46.17,62.57,3
1605183260.657,1,48.47,62.56,3
1605183261.662,1,38.68,62.56,4
1605183262.662,1,37.57,62.56,3
1605183263.67,1,36.57,62.54,3
1605183264.669,1,41.09,62.57,4
1605183265.689,1,40.16,62.56,3
1605183266.831,1,43.8,62.57,3
1605183267.833,1,47.95,62.57,4
1605183268.837,1,39.17,62.58,2
1605183269.853,1,40.41,62.57,3
1605183270.857,1,39.18,62.58,4
1605183271.857,1,35.88,62.59,2
1605183272.859,1,40.34,62.6,3
1605183273.851,1,40.74,62.6,4
1605183274.852,1,41.62,62.59,4
1605183276.272,1,42.18,62.6,4
1605183277.756,1,37.81,62.6,4
1605183279.201,1,41.1,62.6,4
1605183280.662,1,40.18,62.6,5
1605183282.114,1,39.61,62.59,4
1605183283.576,1,36.38,62.6,5
1605183285.123,1,40.06,62.59,5
1605183286.601,1,38.52,62.59,5
1605183288.043,1,38.64,62.6,5
1605183289.495,1,41.41,62.61,5
1605183291.019,1,40.49,62.61,5
1605183292.569,1,42.74,62.63,5
1605183294.024,1,39.19,62.61,3
1605183295.079,1,39.27,62.6,4
1605183296.087,1,38.72,62.61,5
1605183297.083,1,35.9,62.62,2
1605183298.096,1,36.49,62.61,4
1605183299.095,1,39.52,62.6,5
1605183300.095,1,37.03,62.6,2
1605183301.095,1,38.26,62.6,5
1605183302.097,1,33.49,62.6,5
1605183303.098,1,38.15,62.6,2
1605183304.096,1,38.33,62.6,5
1605183305.097,1,36.36,62.6,5
1605183306.097,1,37.59,62.61,2
1605183307.096,1,38.16,62.6,5
1605183308.115,1,38.61,62.61,5
1605183309.118,1,38.31,62.61,4
1605183310.117,1,37.37,62.61,4
1605183311.508,1,36.62,62.62,5
1605183312.614,1,34.56,62.61,5
1605183313.617,1,34.97,62.6,4
1605183314.611,1,36.53,62.6,3
1605183315.608,1,38.7,62.6,5
1605183316.615,1,41.37,62.62,4
1605183317.63,1,37.01,62.62,3
1605183318.61,1,35.25,62.62,5
1605183319.833,1,36.64,62.64,5
1605183320.841,1,40.61,62.61,4
1605183321.841,1,40.33,62.61,3
1605183322.834,1,34.68,62.61,5
1605183323.835,1,36.13,62.62,3
1605183324.84,1,35.44,62.61,2
1605183324.905,1,35.57,62.61,3
1605183325.904,1,36.64,62.61,5
1605183326.911,1,40.2,62.61,5
1605183327.905,1,36.18,62.61,3
1605183328.906,1,36.69,62.61,4
1605183329.904,1,41.4,62.61,5
1605183330.915,1,38.84,62.61,3
1605183331.904,1,37.92,62.61,4
1605183332.904,1,38.31,62.61,5
1605183333.927,1,38.06,62.61,3
1605183334.926,1,36.71,62.6,4
1605183335.924,1,37.69,62.6,5
1605183336.926,1,41.87,62.63,5
1605183338.379,1,44.86,62.62,4
1605183339.725,1,45.6,62.62,3
1605183340.727,1,46.11,62.63,5
1605183341.723,1,46.4,62.62,3
1605183342.745,1,47.76,62.61,3
1605183343.764,1,44.52,62.64,5
1605183344.745,1,46.87,62.62,2
1605183345.745,1,47.68,62.63,4
1605183347.172,1,47.66,62.65,5
1605183348.674,1,47.32,62.64,5
1605183350.167,1,41.78,62.64,5
1605183351.693,1,43.45,62.66,5
1605183353.194,1,39.88,62.69,5
1605183354.605,1,38.1,62.69,5
1605183355.88,1,41.58,62.68,5
1605183356.879,1,39.56,62.69,4
1605183357.879,1,37.67,62.67,2
1605183358.904,1,39.28,62.66,5
1605183359.9,1,53.96,63.62,4
1605183360.906,1,78.5,64.45,2
1605183361.897,1,80.02,64.79,5
1605183362.897,1,96.82,64.75,4
1605183363.902,1,100.0,65.54,3
1605183364.907,1,97.55,65.51,5
1605183365.904,1,94.71,66.93,3
1605183366.899,1,98.92,67.56,2
1605183367.386,1,97.44,67.68,4
1605183368.415,1,89.92,67.9,3
1605183368.919,1,74.23,68.03,4
1605183369.924,1,54.87,68.15,3
1605183370.917,1,54.68,68.16,4
1605183371.915,1,51.02,68.15,4
1605183372.916,1,46.62,68.15,5
1605183374.27,1,39.8,68.16,5
1605183375.401,1,39.96,68.16,4
1605183376.397,1,39.09,68.15,5
1605183377.609,1,40.66,68.17,3
1605183378.611,1,40.83,68.17,4
1605183379.397,1,39.32,68.17,3
1605183380.395,1,42.44,68.16,5
1605183381.413,1,43.5,68.15,5
1605183382.609,1,45.24,68.17,5
1605183383.629,1,53.2,68.16,3
1605183384.632,1,54.81,68.18,4
1605183385.649,1,44.89,68.18,5
1605183386.627,1,42.66,68.17,3
1605183387.65,1,50.1,68.16,4
1605183388.648,1,52.5,68.19,4
1605183389.636,1,50.52,68.16,4
1605183390.774,1,50.39,68.15,4
1605183391.743,1,50.3,68.15,5
1605183392.745,1,48.79,68.15,4
1605183393.745,1,46.92,68.16,3
1605183394.76,1,46.66,68.16,5
1605183395.783,1,45.34,68.16,4
1605183397.054,1,45.86,68.18,3
1605183397.768,1,51.28,68.19,5
1605183398.771,1,49.93,68.2,4
1605183399.779,1,50.49,68.19,3
1605183400.772,1,49.82,68.19,5
1605183401.773,1,51.37,68.16,3
1605183402.772,1,50.67,68.17,3
1605183403.768,1,44.99,68.17,5
1605183404.768,1,53.51,68.17,3
1605183405.784,1,52.87,68.19,3
1605183406.767,1,46.41,68.19,4
1605183407.786,1,54.7,68.2,5
1605183409.418,1,55.17,68.19,2
1605183410.207,1,55.19,68.18,5
1605183411.747,1,51.62,68.2,5
1605183413.237,1,47.75,68.19,5
1605183414.709,1,46.79,68.19,6
1605183416.26,1,45.15,68.19,5
1605183417.817,1,46.27,68.2,6
1605183419.182,1,44.36,68.2,5
1605183420.143,1,46.38,68.2,5
1605183421.148,1,45.96,68.21,3
1605183422.154,1,47.8,68.22,6
1605183423.152,1,47.79,68.24,4
1605183424.15,1,47.09,68.24,3
1605183425.148,1,48.05,68.25,5
1605183426.153,1,48.43,68.23,5
1605183427.153,1,48.21,68.24,4
1605183428.155,1,45.33,68.22,6
1605183429.159,1,45.05,68.23,4
1605183430.161,1,44.66,68.23,4
1605183431.168,1,43.55,68.25,4
1605183432.166,1,43.45,68.25,5
1605183433.17,1,46.18,68.26,5
1605183434.167,1,44.7,68.23,4
1605183435.167,1,44.11,68.21,5
1605183436.168,1,45.39,68.21,6
1605183437.461,1,42.37,68.23,6
1605183438.461,1,44.77,68.24,4
1605183439.48,1,45.35,68.25,3
1605183440.464,1,44.35,68.25,4
1605183440.829,1,45.15,68.23,4
1605183441.829,1,46.79,68.22,4
1605183442.837,1,47.06,68.22,6
1605183443.835,1,45.5,68.22,4
1605183444.871,1,46.72,68.24,5
1605183446.195,1,44.75,68.26,2
1605183446.464,1,43.7,68.26,4
1605183447.46,1,43.71,68.25,6
1605183448.481,1,46.72,68.24,4
1605183449.48,1,48.24,68.26,4
1605183450.484,1,43.23,68.25,6
1605183451.484,1,44.6,68.26,4
1605183452.49,1,45.8,68.25,4
1605183453.502,1,45.39,68.25,6
1605183454.633,1,45.83,68.26,5
1605183455.635,1,46.81,68.26,4
1605183456.654,1,40.23,68.24,5
1605183457.653,1,49.79,68.23,5
1605183458.657,1,47.92,68.27,4
1605183459.661,1,43.43,68.25,5
1605183460.658,1,44.57,68.23,5
1605183461.647,1,45.49,68.22,5
1605183462.654,1,45.63,68.22,4
1605183463.675,1,45.01,68.22,2
1605183463.892,1,45.38,68.22,4
1605183464.893,1,45.88,68.24,5
1605183465.893,1,43.84,68.24,5
1605183466.891,1,45.33,68.24,4
1605183467.891,1,47.5,68.26,5
1605183468.892,1,46.76,68.25,5
1605183469.904,1,49.39,68.25,4
1605183470.893,1,51.93,68.25,5
1605183471.915,1,55.09,68.24,6
1605183473.282,1,53.42,68.27,5
1605183474.566,1,53.78,68.26,4
1605183475.6,1,50.79,68.26,5
1605183476.578,1,51.98,68.26,2
1605183477.579,1,58.42,68.24,6
1605183478.58,1,60.23,68.25,4
1605183479.584,1,61.71,68.24,3
1605183480.592,1,58.85,68.25,6
1605183482.023,1,53.86,68.24,4
1605183483.017,1,53.69,68.26,4
1605183484.022,1,52.28,68.26,5
1605183485.019,1,47.17,68.24,5
1605183486.018,1,44.83,68.24,3
1605183487.023,1,45.76,68.26,5
1605183488.018,1,46.93,68.26,5
1605183489.017,1,43.99,68.24,3
1605183490.024,1,47.01,68.24,5
1605183491.021,1,46.45,68.24,5
1605183492.023,1,46.21,68.24,4
1605183493.041,1,47.01,68.39,5
1605183494.038,1,66.51,69.18,4
1605183495.02,1,76.12,70.31,5
1605183496.043,1,85.26,70.23,4
1605183497.042,1,98.44,69.99,4
1605183498.041,1,99.03,71.25,6
1605183499.039,1,95.94,70.98,4
1605183500.037,1,98.33,71.93,6
1605183501.499,1,100.0,73.28,4
1605183502.074,1,98.79,73.41,5
1605183503.079,1,82.81,73.64,4
1605183504.073,1,63.41,73.72,5
1605183505.08,1,61.18,73.76,5
1605183506.097,1,60.78,73.77,4
1605183507.086,1,62.7,73.79,4
1605183508.081,1,54.11,73.79,6
1605183509.466,1,53.81,73.81,5
1605183510.566,1,53.73,73.8,6
1605183511.584,1,51.79,73.8,4
1605183512.583,1,52.14,73.8,4
1605183513.584,1,52.74,73.81,6
1605183514.581,1,52.56,73.83,4
1605183515.577,1,50.55,73.82,4
1605183516.916,1,54.89,73.82,6
1605183517.579,1,53.95,73.8,5
1605183518.914,1,56.0,73.8,3
1605183519.92,1,55.77,73.84,4
1605183520.394,1,58.08,73.84,6
1605183521.943,1,59.74,73.83,4
1605183522.416,1,62.68,73.83,4
1605183523.399,1,57.2,73.81,4
1605183524.417,1,53.44,73.8,6
1605183525.413,1,61.72,73.83,3
1605183526.415,1,58.74,73.83,5
1605183527.438,1,58.48,73.84,6
1605183528.405,1,54.13,73.82,3
1605183529.374,1,53.02,73.8,5
1605183530.378,1,59.7,73.83,6
1605183531.391,1,60.62,73.85,2
1605183532.41,1,55.85,73.85,6
1605183533.38,1,55.49,73.85,5
1605183534.404,1,59.92,73.84,4
1605183535.428,1,58.18,73.83,5
1605183536.391,1,56.44,73.83,5
1605183537.394,1,56.1,73.82,4
1605183538.395,1,55.16,73.83,4
1605183539.414,1,57.79,73.82,5
1605183540.417,1,57.26,73.81,3
1605183541.426,1,53.68,73.81,5
1605183542.435,1,54.73,73.81,2
1605183543.413,1,54.98,73.82,6
1605183545.072,1,62.93,73.82,5
1605183545.777,1,57.59,73.82,6
1605183547.194,1,53.69,73.83,4
1605183548.413,1,50.24,73.84,5
1605183549.41,1,54.74,73.82,5
1605183550.41,1,55.66,73.82,4
1605183551.41,1,54.02,73.85,5
1605183552.409,1,52.78,73.85,4
1605183553.423,1,52.59,73.84,6
1605183554.408,1,49.83,73.85,6
1605183555.421,1,47.1,73.86,2
1605183556.428,1,55.21,73.88,6
1605183557.226,1,54.39,73.88,5
1605183558.223,1,54.51,73.88,5
1605183559.225,1,54.98,73.88,6
1605183560.429,1,51.16,73.87,4
1605183561.246,1,54.87,73.88,6
1605183562.243,1,60.35,73.87,6
1605183563.244,1,55.98,73.88,7
1605183565.166,1,55.55,73.9,2
1605183565.244,1,55.14,73.9,3
1605183565.894,1,53.46,73.91,3
1605183566.078,1,53.78,73.9,4
1605183567.076,1,57.2,73.87,6
1605183568.084,1,59.3,73.87,4
1605183569.087,1,57.18,73.87,3
1605183569.264,1,57.15,73.88,7
1605183570.878,1,56.57,73.89,4
1605183571.265,1,56.88,73.87,7
1605183573.105,1,58.04,73.87,3
1605183573.659,1,57.64,73.87,7
1605183575.106,1,57.25,73.87,6
1605183575.908,1,57.64,73.88,4
1605183576.904,1,56.02,73.87,5
1605183577.905,1,55.4,73.9,7
1605183578.904,1,57.25,73.88,4
1605183579.924,1,56.04,73.88,5
1605183580.912,1,55.42,73.88,5
1605183581.905,1,53.65,73.88,6
1605183582.904,1,53.34,73.9,5
1605183583.931,1,54.62,73.88,5
1605183584.93,1,55.19,73.88,6
1605183585.927,1,56.41,73.89,5
1605183586.924,1,56.02,73.9,4
1605183587.926,1,55.97,73.9,6
1605183588.924,1,56.43,73.93,5
1605183589.926,1,53.69,73.91,6
1605183590.938,1,53.53,73.9,6
1605183591.923,1,55.48,73.92,6
1605183593.079,1,58.48,73.93,5
1605183594.081,1,55.23,73.92,6
1605183595.079,1,57.98,73.92,5
1605183596.095,1,56.44,73.93,5
1605183597.099,1,52.33,73.93,5
1605183598.096,1,55.2,73.92,7
1605183599.096,1,52.44,73.91,5
1605183600.094,1,50.57,73.91,5
1605183601.094,1,51.97,73.91,7
1605183602.385,1,53.52,73.92,5
1605183603.408,1,54.96,73.94,5
1605183604.394,1,58.17,73.92,6
1605183605.414,1,58.29,73.91,5
1605183606.412,1,59.16,73.91,5
1605183607.414,1,57.55,73.91,4
1605183608.419,1,56.64,73.94,3
1605183608.955,1,60.7,73.93,7
1605183610.407,1,66.28,73.9,6
1605183611.402,1,62.16,73.9,7
1605183613.091,1,65.14,73.89,3
1605183613.424,1,64.21,73.9,5
1605183614.424,1,62.45,73.91,4
1605183615.439,1,59.28,73.92,7
1605183617.116,1,58.9,73.9,7
1605183618.095,1,60.51,73.91,5
1605183619.106,1,54.37,73.93,4
1605183620.095,1,54.37,73.92,6
1605183621.12,1,51.56,73.9,6
1605183622.107,1,54.11,73.91,4
1605183623.117,1,58.85,73.91,6
1605183624.113,1,53.92,73.92,7
1605183625.761,1,56.13,73.9,6
1605183626.941,1,56.77,73.93,4
1605183627.928,1,60.86,74.07,4
1605183628.117,1,64.81,74.51,5
1605183629.108,1,81.74,76.1,7
1605183630.505,1,89.62,75.33,5
1605183631.507,1,98.15,75.98,5
1605183632.544,1,100.0,76.85,5
1605183633.535,1,97.6,76.65,4
1605183634.536,1,93.27,76.81,6
1605183635.53,1,99.42,78.52,5
1605183636.527,1,100.0,78.97,5
1605183637.527,1,95.56,79.21,5
1605183638.552,1,80.58,79.34,4
1605183639.545,1,68.24,79.39,6
1605183640.541,1,66.21,79.45,5
1605183641.546,1,68.14,79.46,4
1605183642.541,1,63.94,79.48,5
1605183643.544,1,66.95,79.5,5
1605183644.544,1,67.54,79.5,6
1605183645.556,1,57.25,79.52,5
1605183646.558,1,61.45,79.5,5
1605183647.562,1,60.75,79.52,6
1605183648.569,1,58.32,79.52,4
1605183649.584,1,60.07,79.51,5
1605183650.568,1,62.34,79.49,5
1605183651.562,1,61.99,79.5,6
1605183652.562,1,60.57,79.52,5
1605183653.597,1,64.88,79.55,5
1605183654.565,1,64.24,79.55,5
1605183655.583,1,67.71,79.57,6
1605183656.59,1,68.02,79.55,5
1605183657.582,1,63.98,79.55,5
1605183658.609,1,59.3,79.57,5
1605183659.583,1,60.52,79.55,6
1605183660.613,1,61.42,79.54,5
1605183661.631,1,66.4,79.55,5
1605183662.627,1,64.99,79.55,4
1605183663.611,1,64.06,79.55,4
1605183663.852,1,62.45,79.55,5
1605183664.841,1,62.79,79.55,5
1605183665.834,1,65.69,79.55,6
1605183666.843,1,67.96,79.56,5
1605183668.007,1,65.88,79.57,5
1605183668.836,1,66.81,79.57,5
1605183669.859,1,67.56,79.55,6
1605183670.864,1,64.97,79.54,5
1605183671.987,1,67.88,79.53,5
1605183672.859,1,64.04,79.53,4
1605183673.866,1,63.71,79.56,5
1605183674.848,1,60.81,79.56,3
1605183674.995,1,61.77,79.56,7
1605183676.621,1,61.96,79.55,3
1605183677.008,1,64.82,79.52,3
1605183678.005,1,62.58,79.52,4
1605183678.632,1,66.05,79.52,3
1605183679.63,1,66.0,79.51,3
1605183679.984,1,65.09,79.51,5
1605183681.001,1,69.01,79.52,3
1605183681.648,1,70.23,79.53,6
1605183682.628,1,65.63,79.53,5
1605183683.644,1,62.96,79.52,3
1605183684.628,1,60.03,79.53,5
1605183685.632,1,57.97,79.55,6
1605183686.629,1,59.77,79.54,6
1605183687.648,1,61.91,79.54,5
1605183688.671,1,61.52,79.58,6
1605183689.677,1,62.28,79.56,6
1605183690.675,1,61.38,79.57,6
1605183691.678,1,63.84,79.57,4
1605183692.667,1,63.18,79.56,6
1605183693.673,1,61.38,79.55,7
1605183694.666,1,59.15,79.56,6
1605183695.701,1,56.0,79.57,6
1605183696.695,1,55.64,79.6,5
1605183697.698,1,57.78,79.6,7
1605183698.696,1,56.44,79.58,6
1605183699.711,1,54.96,79.57,5
1605183700.704,1,60.2,79.59,6
1605183701.72,1,62.59,79.59,5
1605183702.701,1,60.51,79.57,7
1605183703.775,1,62.28,79.58,5
1605183704.785,1,67.24,79.61,5
1605183705.792,1,66.86,79.63,7
1605183706.799,1,61.74,79.61,6
1605183707.809,1,58.67,79.6,5
1605183708.842,1,60.53,79.6,7
1605183709.83,1,64.85,79.6,6
1605183710.828,1,61.69,79.59,5
1605183711.871,1,60.01,79.6,8
1605183713.315,1,65.35,79.62,7
1605183714.534,1,65.21,79.6,8
1605183716.13,1,62.08,79.6,4
1605183716.557,1,61.89,79.6,5
1605183717.604,1,63.57,79.59,5
1605183718.564,1,67.12,79.59,7
1605183719.566,1,65.0,79.6,6
1605183720.553,1,62.83,79.6,8
1605183722.141,1,62.09,79.6,4
1605183722.558,1,62.04,79.59,4
1605183723.585,1,63.29,79.59,8
1605183724.971,1,63.58,79.58,8
1605183726.165,1,67.76,79.59,6
1605183727.162,1,68.48,79.6,5
1605183728.201,1,65.29,79.6,6
1605183729.15,1,63.4,79.59,6
1605183730.152,1,65.22,79.59,6
1605183731.161,1,61.63,79.59,7
1605183732.158,1,61.32,79.59,6
1605183733.195,1,63.81,79.6,6
1605183734.234,1,64.48,79.58,4
1605183735.199,1,64.31,79.57,4
1605183735.358,1,63.85,79.57,5
1605183736.348,1,61.66,79.57,6
1605183737.364,1,60.91,79.58,6
1605183738.349,1,62.46,79.59,6
1605183739.352,1,63.25,79.58,6
1605183740.351,1,65.29,79.6,6
1605183741.403,1,63.78,79.58,4
1605183742.393,1,65.94,79.59,5
1605183743.356,1,66.51,79.59,3
1605183743.428,1,65.9,79.59,7
1605183744.44,1,65.46,79.6,6
1605183745.41,1,66.01,79.6,4
1605183746.455,1,63.37,79.6,5
1605183747.409,1,64.01,79.6,6
1605183748.429,1,67.15,79.58,4
1605183749.454,1,66.08,79.58,7
1605183750.451,1,68.22,79.6,7
1605183751.445,1,70.17,79.63,5
1605183752.457,1,71.65,79.62,6
1605183753.433,1,70.39,79.6,5
1605183754.423,1,71.77,79.59,6
1605183755.479,1,72.42,79.6,5
1605183756.483,1,67.08,79.61,6
1605183757.489,1,67.32,79.62,4
1605183758.483,1,67.83,79.62,8
1605183759.486,1,65.35,79.6,8
1605183761.321,1,62.55,79.59,5
1605183761.959,1,62.22,79.59,6
1605183763.336,1,62.73,79.62,7
1605183764.319,1,71.78,80.12,6
1605183765.327,1,90.71,81.31,5
1605183766.333,1,83.4,81.86,5
1605183767.418,1,95.06,80.62,5
1605183768.325,1,99.11,81.71,6
1605183769.332,1,99.39,82.51,7
1605183770.866,1,96.84,82.44,5
1605183771.397,1,95.31,82.53,4
1605183772.397,1,98.29,83.5,6
1605183773.418,1,100.0,84.64,8
1605183774.476,1,100.0,84.77,2
1605183775.438,1,93.97,84.93,7
1605183776.43,1,71.13,85.07,3
1605183777.441,1,71.41,85.1,6
1605183778.436,1,78.05,85.13,5
1605183779.423,1,74.62,85.16,7
1605183781.011,1,74.27,85.19,7
1605183782.089,1,73.32,85.19,7
1605183783.092,1,72.13,85.19,3
1605183784.093,1,70.72,85.2,7
1605183785.084,1,69.88,85.21,5
1605183786.103,1,72.01,85.22,6
1605183787.126,1,67.21,85.22,8
1605183788.956,1,66.82,85.21,3
1605183789.142,1,67.12,85.21,6
1605183790.174,1,67.8,85.2,5
1605183791.162,1,69.68,85.2,6
1605183791.905,1,70.77,85.22,5
1605183792.918,1,73.36,85.25,2
1605183793.265,1,75.66,85.24,5
1605183794.181,1,72.45,85.23,7
1605183795.185,1,67.79,85.23,6
1605183796.193,1,72.56,85.25,5
1605183797.178,1,73.52,85.26,4
1605183798.186,1,76.97,85.23,5
1605183798.917,1,77.32,85.24,5
1605183799.916,1,75.62,85.23,4
1605183800.193,1,74.38,85.23,5
1605183801.32,1,70.97,85.24,5
1605183801.909,1,73.13,85.24,5
1605183802.917,1,75.73,85.22,5
1605183803.906,1,74.52,85.23,8
1605183805.292,1,73.7,85.24,4
1605183805.918,1,71.97,85.24,4
1605183806.341,1,68.79,85.24,5
1605183807.38,1,73.36,85.25,5
1605183808.37,1,74.94,85.25,6
1605183809.269,1,72.65,85.24,6
1605183810.304,1,71.8,85.22,4
1605183811.288,1,71.7,85.23,2
1605183811.36,1,69.61,85.23,7
1605183812.368,1,67.4,85.22,4
1605183813.374,1,70.32,85.23,4
1605183813.525,1,72.12,85.23,5
1605183814.526,1,72.61,85.23,6
1605183815.372,1,71.04,85.23,5
1605183816.45,1,67.23,85.24,7
1605183817.38,1,67.56,85.26,7
1605183818.545,1,71.55,85.26,6
1605183819.546,1,70.31,85.25,5
1605183820.544,1,68.78,85.24,4
1605183821.595,1,71.33,85.25,4
1605183822.232,1,72.4,85.25,3
1605183822.327,1,75.17,85.25,5
1605183823.565,1,75.07,85.25,8
1605183824.554,1,67.7,85.28,6
1605183825.596,1,70.9,85.27,6
1605183827.112,1,70.84,85.29,8
1605183828.242,1,71.01,85.29,2
1605183828.602,1,70.74,85.28,8
1605183829.953,1,72.71,85.28,9
1605183830.979,1,74.51,85.29,3
1605183832.031,1,71.56,85.29,8
1605183832.935,1,70.99,85.29,6
1605183833.986,1,70.16,85.3,5
1605183834.987,1,67.64,85.29,9
1605183835.983,1,69.8,85.29,1
1605183836.982,1,68.13,85.31,9
1605183837.802,1,72.42,85.32,9
1605183839.482,1,70.95,85.32,2
1605183839.994,1,69.63,85.32,8
1605183840.996,1,69.15,85.32,4
1605183842.017,1,70.44,85.33,8
1605183843.011,1,72.16,85.31,5
1605183844.01,1,71.67,85.31,2
1605183844.091,1,71.56,85.31,4
1605183845.092,1,67.53,85.3,8
1605183846.003,1,67.52,85.3,5
1605183847.018,1,66.66,85.3,7
1605183848.085,1,69.28,85.3,4
1605183849.099,1,75.01,85.3,6
1605183850.081,1,74.04,85.29,7
1605183851.099,1,70.63,85.3,3
1605183851.289,1,71.29,85.3,5
1605183852.298,1,71.67,85.29,6
1605183853.297,1,71.03,85.28,6
1605183854.295,1,70.16,85.28,4
1605183855.297,1,69.15,85.29,7
1605183856.098,1,71.42,85.29,4
1605183857.114,1,70.5,85.3,9
1605183858.119,1,68.15,85.3,7
1605183859.315,1,68.78,85.3,9
1605183860.915,1,69.21,85.31,2
1605183861.333,1,70.01,85.31,6
1605183862.329,1,70.52,85.32,8
1605183863.318,1,73.61,85.29,5
1605183864.325,1,70.62,85.29,6
1605183865.317,1,70.87,85.31,5
1605183866.325,1,70.31,85.3,7
1605183867.347,1,70.16,85.28,5
1605183867.933,1,70.9,85.29,9
1605183869.572,1,70.91,85.32,5
1605183869.956,1,72.0,85.31,5
1605183870.951,1,71.97,85.3,6
1605183871.934,1,71.13,85.31,5
1605183872.94,1,67.39,85.32,5
1605183873.606,1,68.67,85.32,6
1605183874.263,1,71.36,85.32,4
1605183875.278,1,72.84,85.31,7
1605183876.289,1,72.83,85.31,3
1605183876.608,1,70.95,85.31,8
1605183877.596,1,74.43,85.32,8
1605183879.279,1,72.78,85.35,3
1605183879.612,1,69.73,85.36,7
1605183880.61,1,66.86,85.35,6
1605183881.619,1,67.46,85.35,2
1605183881.709,1,67.8,85.34,7
1605183882.732,1,67.63,85.33,4
1605183883.721,1,68.53,85.34,9
1605183884.741,1,71.36,85.36,8
1605183886.313,1,68.57,85.34,4
1605183887.232,1,63.2,85.36,4
1605183887.746,1,67.21,85.35,7
1605183888.302,1,71.63,85.37,4
1605183889.303,1,71.08,85.37,3
1605183889.736,1,72.48,85.37,5
1605183890.348,1,71.6,85.34,7
1605183891.705,1,67.35,85.33,7
1605183892.359,1,67.55,85.33,5
1605183893.352,1,68.91,85.33,8
1605183894.374,1,70.85,85.33,6
1605183895.355,1,66.31,85.33,6
1605183896.373,1,68.36,85.34,7
1605183897.355,1,67.75,85.34,7
1605183898.366,1,68.96,85.34,7
1605183899.731,1,69.08,85.35,7
1605183900.723,1,75.82,85.84,6
1605183901.734,1,85.09,86.48,4
1605183902.252,1,88.12,87.34,7
1605183903.733,1,94.99,87.2,4
1605183904.309,1,97.84,87.03,5
1605183905.284,1,99.4,87.82,6
1605183906.264,1,98.91,88.33,4
1605183907.272,1,97.45,88.22,9
1605183908.905,1,94.49,88.2,7
1605183910.247,1,98.91,88.96,2
1605183910.292,1,100.0,89.6,7
1605183911.666,1,100.0,90.36,5
1605183912.331,1,100.0,90.43,6
1605183913.293,1,95.58,90.66,8
1605183914.676,1,83.45,90.78,5
1605183915.309,1,80.31,90.81,5
1605183916.322,1,77.74,90.87,6
1605183917.294,1,76.8,90.92,5
1605183918.334,1,75.42,90.92,9
1605183919.695,1,75.84,90.92,5
1605183920.652,1,78.49,90.93,9
1605183922.474,1,75.39,90.95,4
1605183922.648,1,74.78,90.95,7
1605183923.7,1,74.97,90.95,6
1605183924.652,1,73.16,90.95,5
1605183925.628,1,72.38,90.94,6
1605183926.673,1,74.34,90.95,5
1605183927.674,1,72.66,90.95,6
1605183928.67,1,72.16,90.96,8
1605183929.712,1,74.81,90.96,7
1605183930.926,1,71.3,90.94,6
1605183931.94,1,72.67,90.95,6
1605183932.69,1,79.28,90.95,4
1605183933.692,1,77.81,90.95,3
1605183933.921,1,76.98,90.94,6
1605183934.956,1,77.84,90.95,9
1605183936.692,1,76.71,90.95,4
1605183936.992,1,80.08,90.97,6
1605183937.937,1,82.23,90.96,3
1605183938.472,1,80.51,90.95,7
1605183939.494,1,79.39,90.95,7
1605183940.949,1,76.03,90.96,5
1605183941.475,1,73.03,90.97,6
1605183942.503,1,74.78,90.97,6
1605183943.497,1,74.98,90.98,4
1605183943.971,1,74.39,90.98,7
1605183945.009,1,74.92,90.98,5
1605183945.971,1,73.79,90.96,7
1605183946.966,1,76.18,90.95,6
1605183948.078,1,76.94,90.95,7
1605183949.115,1,79.59,90.96,2
1605183949.203,1,79.9,90.97,7
1605183950.276,1,77.64,90.97,5
1605183951.23,1,76.44,90.96,8
1605183952.282,1,73.22,90.95,1
1605183952.329,1,71.93,90.96,7
1605183953.227,1,71.86,90.96,6
1605183954.342,1,74.23,90.97,2
1605183954.544,1,75.74,90.97,6
1605183955.24,1,80.12,90.97,6
1605183956.286,1,80.2,90.96,5
1605183956.916,1,74.51,90.96,6
1605183957.985,1,74.9,90.95,8
1605183958.948,1,69.79,90.97,4
1605183959.285,1,68.45,90.97,7
1605183960.344,1,70.31,90.95,6
1605183961.305,1,73.66,90.95,5
1605183961.954,1,75.26,90.96,6
1605183962.986,1,77.4,90.95,4
1605183963.382,1,78.04,90.95,5
1605183964.395,1,80.35,90.96,5
1605183965.304,1,77.32,90.96,7
1605183966.003,1,75.85,90.98,6
1605183966.99,1,76.79,90.98,10
1605183968.72,1,75.14,90.98,3
1605183968.987,1,75.66,90.98,6
1605183969.986,1,78.95,91.02,7
1605183970.985,1,79.79,91.04,5
1605183972.032,1,78.32,91.02,8
1605183972.989,1,80.4,91.01,6
1605183973.988,1,77.71,91.01,8
1605183975.57,1,76.7,91.0,9
1605183976.577,1,77.21,91.01,5
1605183977.581,1,74.68,91.02,6
1605183978.565,1,74.06,91.02,9
1605183980.06,1,78.67,91.02,7
1605183981.045,1,78.32,91.03,5
1605183981.59,1,76.84,91.02,3
1605183982.59,1,73.78,91.03,9
1605183983.57,1,77.24,91.03,2
1605183984.087,1,77.24,91.03,10
1605183985.581,1,76.22,91.01,2
1605183986.082,1,74.4,91.01,9
1605183987.069,1,73.38,91.02,5
1605183988.064,1,75.12,91.04,7
1605183989.09,1,75.88,91.03,6
1605183990.063,1,73.65,91.02,7
1605183991.092,1,73.96,91.02,6
1605183992.094,1,72.34,91.02,5
1605183993.09,1,74.24,91.03,7
1605183993.795,1,74.13,91.02,5
1605183994.864,1,77.69,91.03,5
1605183995.795,1,76.31,91.03,6
1605183996.796,1,75.28,91.02,3
1605183997.087,1,75.31,91.01,9
1605183998.505,1,72.16,91.01,10
1605183999.987,1,72.06,91.02,5
1605184001.02,1,73.5,91.03,7
1605184001.841,1,74.96,91.06,5
1605184002.871,1,74.65,91.07,8
1605184003.991,1,74.19,91.04,5
1605184004.878,1,74.34,91.05,10
1605184006.832,1,75.71,91.03,5
1605184007.02,1,74.2,91.04,5
1605184007.876,1,74.32,91.04,8
1605184009.018,1,77.47,91.02,6
1605184010.022,1,78.56,91.02,6
1605184011.005,1,78.14,91.05,8
1605184012.064,1,77.91,91.05,6
1605184013.044,1,78.16,91.05,8
1605184014.024,1,77.54,91.04,4
1605184015.058,1,76.07,91.02,8
1605184015.967,1,75.69,91.02,5
1605184017.051,1,76.42,91.03,7
1605184017.885,1,78.18,91.03,3
1605184018.068,1,77.04,91.04,6
1605184019.043,1,78.81,91.03,8
1605184020.083,1,78.17,91.03,4
1605184021.088,1,75.94,91.04,8
1605184021.909,1,74.12,91.06,4
1605184022.888,1,73.36,91.03,6
1605184023.341,1,73.21,91.03,2
1605184023.504,1,72.06,91.03,7
1605184024.502,1,71.04,91.04,6
1605184025.526,1,71.67,91.04,5
1605184026.096,1,74.8,91.05,9
1605184026.953,1,78.35,91.03,5
1605184027.898,1,80.08,91.03,6
1605184028.907,1,82.45,91.03,2
1605184028.978,1,80.12,91.02,7
1605184029.943,1,76.29,91.02,4
1605184030.358,1,76.02,91.02,2
1605184030.545,1,76.45,91.04,7
1605184031.521,1,78.54,91.02,2
1605184031.987,1,86.82,91.02,8
1605184032.985,1,86.82,91.04,6
1605184033.933,1,77.81,91.04,3
1605184034.06,1,75.15,91.03,6
1605184035.049,1,74.1,91.03,6
1605184035.954,1,75.11,91.03,6
1605184036.943,1,74.71,91.05,3
1605184037.062,1,73.17,91.04,8
1605184038.066,1,73.36,91.11,4
1605184039.111,1,84.0,91.71,8
1605184040.041,1,91.01,93.17,10
1605184041.896,1,86.59,94.02,2
1605184042.099,1,93.24,93.25,4
1605184043.09,1,99.07,92.18,10
1605184045.03,1,99.53,93.82,4
1605184045.16,1,99.6,93.93,6
1605184046.199,1,99.68,93.9,7
1605184047.185,1,96.3,93.76,6
1605184048.193,1,94.91,93.84,3
1605184049.194,1,98.45,94.52,8
1605184050.206,1,100.0,96.01,9
1605184051.944,1,100.0,96.11,3
1605184052.219,1,100.0,96.24,5
1605184053.23,1,92.31,96.4,10
1605184055.036,1,79.24,96.48,4
1605184055.243,1,77.37,96.49,4
1605184055.963,1,78.52,96.52,6
1605184056.989,1,79.09,96.54,5
1605184057.967,1,78.4,96.55,3
1605184058.27,1,79.6,96.57,7
1605184059.255,1,81.87,96.58,4
1605184059.761,1,79.77,96.58,8
1605184060.971,1,77.69,96.6,7
1605184062.944,1,79.07,96.62,4
1605184062.997,1,80.59,96.62,4
1605184064.004,1,82.41,96.62,4
1605184065.004,1,81.14,96.63,6
1605184065.993,1,81.27,96.64,7
1605184067.062,1,81.3,96.66,5
1605184067.755,1,81.73,96.66,8
1605184069.025,1,81.94,96.52,6
1605184069.777,1,80.49,96.22,10
1605184071.703,1,79.61,96.17,1
1605184071.768,1,78.49,96.16,7
1605184072.8,1,77.53,96.17,6
1605184073.754,1,81.71,96.19,7
1605184074.773,1,80.68,96.18,5
1605184075.816,1,77.64,96.17,8
1605184076.761,1,78.93,96.17,6
1605184077.794,1,80.86,96.17,6
1605184078.848,1,83.95,96.17,7
1605184079.819,1,83.72,96.18,7
1605184080.792,1,81.56,96.18,9
1605184082.078,1,78.8,96.18,3
1605184083.176,1,80.03,96.19,9
1605184083.892,1,79.51,96.19,5
1605184085.129,1,79.87,96.18,8
1605184085.889,1,80.76,96.18,5
1605184086.903,1,82.1,96.18,7
1605184087.931,1,84.94,96.16,2
1605184088.136,1,83.0,96.16,10
1605184089.727,1,79.46,96.17,4
1605184090.139,1,79.25,96.17,5
1605184091.153,1,78.14,96.18,10
1605184092.721,1,81.61,96.17,8
1605184093.747,1,85.08,96.17,6
1605184094.514,1,85.66,96.16,4
1605184094.94,1,85.2,96.16,3
1605184095.391,1,83.78,96.15,4
1605184095.822,1,84.9,96.16,5
1605184096.298,1,84.66,96.16,6
1605184096.91,1,83.69,96.16,3
1605184097.425,1,80.56,96.21,1
1605184097.514,1,81.64,96.19,4
1605184097.925,1,81.61,96.19,4
1605184098.295,1,84.02,96.17,6
1605184099.296,1,80.84,96.16,4
1605184099.762,1,81.94,96.16,5
1605184100.544,1,81.56,96.17,7
1605184100.924,1,82.47,96.17,2
1605184101.494,1,86.73,96.16,4
1605184102.098,1,86.39,96.15,2
1605184102.305,1,87.13,96.15,6
1605184102.72,1,89.66,96.17,2
1605184103.045,1,88.57,96.16,3
1605184103.393,1,88.31,96.17,2
1605184103.833,1,86.27,96.22,1
1605184103.917,1,86.27,96.22,1
1605184104.031,1,87.25,96.18,3
1605184104.148,1,87.01,96.18,2
1605184104.228,1,86.27,96.18,2
1605184104.31,1,86.27,96.17,1
1605184104.45,1,85.91,96.18,2
1605184104.519,1,83.43,96.17,2
1605184104.685,1,83.43,96.17,2
1605184104.794,1,83.43,96.17,2
1605184104.958,1,82.96,96.18,2
1605184105.066,1,82.14,96.17,2
1605184105.239,1,81.31,96.17,3
1605184105.637,1,79.05,96.22,1
1605184105.812,1,79.05,96.22,1
1605184105.924,1,79.8,96.2,3
1605184106.186,1,79.43,96.21,3
1605184106.449,1,79.94,96.21,3
1605184106.676,1,84.76,96.17,1
1605184106.891,1,82.25,96.19,3
1605184107.094,1,84.76,96.19,1
1605184107.269,1,84.76,96.18,2
1605184107.389,1,84.76,96.19,1
1605184107.481,1,84.09,96.19,2
1605184107.756,1,82.08,96.19,1
1605184107.913,1,82.08,96.19,1
1605184108.06,1,82.97,96.2,3
1605184108.221,1,82.75,96.2,2
1605184108.33,1,82.08,96.21,2
1605184108.462,1,81.19,96.19,1
1605184108.561,1,81.41,96.19,2
1605184108.752,1,81.86,96.19,2
1605184108.907,1,81.72,96.18,2
1605184109.02,1,81.19,96.17,1
1605184109.129,1,81.19,96.17,1
1605184109.247,1,81.19,96.17,1
1605184109.442,1,81.19,96.17,1
1605184109.521,1,79.44,96.19,2
1605184109.984,1,81.42,96.18,4
1605184110.326,1,81.89,96.19,3
1605184110.681,1,83.18,96.21,1
1605184110.811,1,82.38,96.2,2
1605184111.001,1,82.08,96.19,1
1605184111.098,1,82.08,96.19,1
1605184111.36,1,82.08,96.19,1
1605184111.483,1,79.29,96.2,2
1605184111.592,1,79.29,96.2,2
1605184111.798,1,78.66,96.2,2
1605184111.971,1,78.87,96.22,2
1605184112.294,1,79.17,96.22,2
1605184112.471,1,83.12,96.21,2
1605184112.588,1,83.6,96.22,2
1605184112.767,1,85.58,96.21,1
1605184112.871,1,83.65,96.2,1
1605184112.974,1,83.65,96.2,1
1605184113.17,1,83.65,96.2,1
1605184113.642,1,83.69,96.18,3
1605184114.085,1,82.61,96.19,4
1605184114.453,1,81.98,96.22,1
1605184114.543,1,81.98,96.22,1
1605184114.831,1,76.92,96.17,1
1605184115.047,1,76.92,96.17,1
1605184115.105,1,76.92,96.17,1
1605184115.252,1,76.92,96.25,1
1605184115.675,1,78.94,96.22,3
1605184115.913,1,81.32,96.18,4
1605184116.645,1,79.48,96.19,1
1605184116.836,1,79.48,96.19,1
1605184117.057,1,79.48,96.19,1
1605184117.232,1,75.96,96.17,1
1605184117.425,1,76.6,96.18,2
1605184117.686,1,74.07,96.18,1
1605184118.037,1,74.39,96.18,2
1605184118.299,1,74.42,96.18,3
1605184118.703,1,82.24,96.18,1
1605184118.883,1,82.24,96.18,1
1605184119.029,1,82.73,96.17,1
1605184119.314,1,82.73,96.17,1
1605184119.682,1,77.14,96.23,1
1605184119.847,1,78.69,96.21,2
1605184120.333,1,78.85,96.19,1
1605184120.683,1,78.85,96.22,1
1605184121.0,1,82.41,96.18,1
1605184121.193,1,82.41,96.18,1
1605184121.698,1,82.41,96.18,1
1605184121.96,1,83.18,96.2,1
1605184122.101,1,82.45,96.2,2
1605184122.3,1,83.18,96.2,1
1605184122.433,1,83.18,96.26,1
1605184122.594,1,83.18,96.26,1
1605184122.843,1,83.18,96.26,1
1605184122.975,1,80.18,96.17,1
1605184123.14,1,80.18,96.17,1
1605184123.355,1,80.18,96.17,1
1605184123.537,1,80.18,96.19,1
1605184123.705,1,80.18,96.19,1
1605184123.912,1,77.9,96.18,2
1605184124.104,1,75.93,96.16,1
1605184124.292,1,75.93,96.16,1
1605184124.543,1,75.93,96.17,1
1605184125.023,1,77.14,96.19,1
1605184125.146,1,77.14,96.19,1
1605184125.451,1,75.68,96.21,1
1605184125.782,1,75.68,96.21,1
1605184125.884,1,81.34,96.18,2
1605184126.272,1,84.4,96.17,1
1605184126.532,1,91.51,96.21,1
1605184126.752,1,91.51,96.21,1
1605184126.894,1,74.26,96.2,1
1605184127.095,1,74.26,96.2,1
1605184127.307,1,74.26,96.2,1
1605184127.699,1,74.26,96.24,1
1605184127.901,1,77.98,96.0,1
1605184128.093,1,77.98,96.0,1
1605184128.366,1,81.99,96.06,2
1605184128.638,1,83.64,95.99,1
1605184128.801,1,75.24,95.98,1
1605184129.262,1,75.24,95.98,1
1605184129.463,1,73.74,96.02,1
1605184129.62,1,73.74,96.02,1
1605184129.847,1,82.86,96.0,1
1605184130.21,1,82.86,96.0,1
1605184130.46,1,82.22,95.99,2
1605184130.629,1,85.19,95.98,1
1605184130.906,1,80.95,96.01,1
1605184131.133,1,80.95,96.01,1
1605184131.499,1,79.25,95.98,1
1605184131.786,1,79.63,95.99,1
1605184131.969,1,79.63,95.99,1
1605184132.29,1,78.84,96.02,2
1605184132.463,1,78.18,96.03,1
1605184132.63,1,78.18,95.99,1
1605184132.802,1,78.18,95.99,1
1605184133.063,1,78.18,95.99,1
1605184133.291,1,77.78,96.0,1
1605184133.42,1,77.78,96.0,1
1605184133.481,1,77.78,96.0,1
1605184133.697,1,77.78,96.0,1
1605184133.893,1,77.78,96.0,1
1605184134.104,1,77.38,95.99,2
1605184134.415,1,77.06,95.99,1
1605184134.566,1,82.41,96.01,1
1605184134.722,1,82.41,96.01,1
1605184134.905,1,75.0,96.01,1
1605184135.225,1,75.0,96.01,1
1605184135.859,1,75.86,96.0,1
1605184136.099,1,77.14,96.0,2
1605184136.498,1,83.02,96.0,1
1605184136.566,1,83.02,96.0,1
1605184136.693,1,83.02,96.0,1
1605184137.109,1,83.64,96.02,1
1605184137.451,1,76.92,95.99,1
1605184137.655,1,76.92,95.99,1
1605184138.075,1,78.36,96.01,2
1605184138.231,1,81.73,96.01,1
1605184138.427,1,81.73,96.01,1
1605184138.675,1,81.73,95.99,1
1605184138.862,1,81.73,95.99,1
1605184139.088,1,81.73,95.99,1
1605184139.28,1,81.9,95.98,1
1605184139.457,1,81.9,95.98,1
1605184139.614,1,84.55,96.0,1
1605184139.739,1,84.55,96.0,1
1605184139.923,1,83.64,96.0,2
1605184140.132,1,81.98,96.0,1
1605184140.304,1,81.98,96.0,1
1605184140.477,1,81.98,96.0,1
1605184140.665,1,77.27,96.0,1
1605184140.848,1,77.27,96.0,1
1605184141.044,1,77.27,96.0,1
1605184141.117,1,79.63,96.06,1
1605184141.477,1,79.63,96.06,1
1605184141.693,1,82.08,96.04,1
1605184141.804,1,81.16,96.03,2
1605184142.054,1,82.08,96.04,1
1605184142.194,1,78.5,96.09,1
1605184142.355,1,78.5,96.09,1
1605184142.548,1,78.5,96.09,1
1605184142.936,1,81.55,96.06,1
1605184143.169,1,83.5,96.03,1
1605184143.312,1,83.5,96.03,1
1605184143.573,1,77.36,96.03,1
1605184143.752,1,77.36,96.03,1
1605184143.878,1,78.79,96.04,2
1605184144.112,1,81.48,96.06,1
1605184144.25,1,81.48,96.06,1
1605184144.673,1,86.92,96.02,1
1605184145.232,1,81.31,96.01,1
1605184145.769,1,79.72,96.05,2
1605184146.194,1,82.57,96.03,1
1605184146.283,1,82.57,96.03,1
1605184146.392,1,85.58,96.1,1
1605184146.702,1,85.58,96.1,1
1605184146.889,1,85.58,96.1,1
1605184147.257,1,85.58,96.06,1
1605184147.507,1,81.13,96.07,1
1605184147.678,1,82.24,96.07,2
1605184147.908,1,81.13,96.07,1
1605184148.237,1,81.13,96.07,1
1605184148.369,1,74.11,96.05,1
1605184148.561,1,74.11,96.05,1
1605184148.729,1,74.11,96.05,1
1605184149.094,1,74.11,96.07,1
1605184149.489,1,75.23,96.04,1
1605184149.662,1,75.23,96.04,1
1605184149.775,1,78.7,96.04,1
1605184150.018,1,77.12,96.04,2
1605184150.521,1,74.31,96.03,1
1605184150.824,1,76.15,96.04,1
1605184150.982,1,76.15,96.04,1
1605184151.178,1,74.31,96.09,1
1605184151.44,1,74.31,96.09,1
1605184151.591,1,74.31,96.09,1
1605184151.77,1,75.41,96.08,2
1605184152.261,1,76.04,96.06,1
1605184152.37,1,76.04,96.06,1
1605184152.516,1,76.04,96.06,1
1605184152.662,1,73.27,96.04,1
1605184152.796,1,73.27,96.04,1
1605184153.243,1,75.47,96.06,1
1605184153.533,1,77.75,96.06,2
1605184153.998,1,79.44,96.06,1
1605184154.259,1,79.44,96.09,1
1605184154.456,1,79.44,96.09,1
1605184154.852,1,77.48,96.06,1
1605184155.438,1,77.48,96.06,1
1605184155.622,1,73.33,96.04,1
1605184155.863,1,74.77,96.05,2
1605184156.185,1,73.33,96.06,1
1605184156.351,1,73.33,96.06,1
1605184156.477,1,73.33,96.06,1
1605184156.66,1,85.05,96.11,1
1605184157.008,1,85.05,96.1,1
1605184157.302,1,85.05,96.1,1
1605184157.464,1,85.05,96.1,1
1605184157.734,1,77.54,96.07,2
1605184158.241,1,73.79,96.08,1
1605184158.497,1,74.29,96.06,1
1605184158.673,1,74.29,96.06,1
1605184158.988,1,76.92,96.08,1
1605184159.186,1,76.92,96.08,1
1605184159.493,1,79.63,96.09,1
1605184159.687,1,79.63,96.09,1
1605184160.055,1,76.95,96.1,2
1605184160.37,1,77.48,96.12,1
1605184160.635,1,85.19,96.07,1
1605184160.856,1,85.19,96.07,1
1605184161.221,1,85.19,96.08,1
1605184161.663,1,77.57,96.11,1
1605184161.865,1,79.73,96.1,2
1605184162.325,1,78.3,96.05,1
1605184162.669,1,78.3,96.05,1
1605184162.921,1,75.73,96.05,1
1605184163.098,1,75.73,96.05,1
1605184163.287,1,75.73,96.06,1
1605184163.488,1,75.73,96.06,1
1605184163.79,1,78.61,96.06,2
1605184164.018,1,79.82,96.06,1
1605184164.502,1,79.82,96.08,1
1605184164.67,1,76.64,96.06,1
1605184164.934,1,76.64,96.06,1
1605184165.297,1,75.23,96.05,1
1605184165.41,1,75.23,96.05,1
1605184165.653,1,77.78,96.14,1
1605184165.82,1,77.78,96.14,1
1605184166.186,1,80.86,96.25,2
1605184166.733,1,97.03,96.07,1
1605184167.027,1,94.17,96.07,1
1605184167.376,1,94.17,96.07,1
1605184167.573,1,82.86,96.09,1
1605184167.66,1,82.86,96.09,1
1605184167.841,1,82.86,96.09,1
1605184168.135,1,85.34,96.06,2
1605184168.682,1,81.73,96.13,1
1605184168.874,1,81.73,96.13,1
1605184169.058,1,78.85,96.18,1
1605184169.453,1,91.18,96.27,1
1605184170.076,1,92.11,96.12,2
1605184170.285,1,97.03,96.07,1
1605184170.55,1,80.19,96.12,1
1605184170.676,1,80.19,96.12,1
1605184170.814,1,80.19,96.12,1
1605184171.206,1,79.82,96.07,1
1605184171.458,1,84.53,96.1,2
1605184171.648,1,83.92,96.1,2
1605184173.606,1,76.58,96.1,1
1605184174.626,1,80.73,96.1,1
1605184175.601,1,77.15,96.1,1
